RFSS,Site Dec,Site Hex,Site NAC,Description,County Name,Lat,Lon,Range,Frequencies
1,001,1,b05,"Deerfield","Dane",43.044131,-89.106739,25,139.912500c,152.517500c,152.652500c,151.070000,155.355000,152.112500c
1,002,2,B0C,"Baraboo","Sauk",43.430920,-89.647837,30,139.187500c,152.022500,152.142500c,152.727500c,151.445000
1,003,3,B0F,"Blue Mounds","Iowa",43.026612,-89.851341,30,139.312500c,140.362500c,152.157500c,152.662500c,155.452500
1,005,5,B06,"Oxford","Adams",43.84889,-89.67278,30,139.812500c,152.127500c,152.502500c,155.520000,155.610000
1,007,7,B08,"Bloomington","Grant",42.901826,-90.951927,30,139.087500c,152.112500c,152.502500c,150.890000,154.220000
1,008,8,B0F,"Highland","Iowa",43.046852,-90.369608,30,139.362500c,139.862500c,152.757500c,151.415000,151.040000
1,009,9,B09,"Kieler","Grant",42.601936,-90.558436,30,139.612500c,152.022500c,152.772500c,152.547500,154.732500
1,010,A,B01,"Milton","Rock",42.77455,-89.004729,30,139.112500,139.262500c,139.812500c,150.875000,152.712500,169.675000
1,012,C,B0A,"Delafield","Waukesha",43.028165,-88.394237,25,139.862500c,152.757500c,154.905000c,155.130000,152.840000c
1,014,E,B04,"Spring Prairie","Walworth",42.727407,-88.425307,30,139.612500c,140.412500c,152.052500c,152.157500c,152.787500c
1,015,F,B00,"Union Grove","Racine",42.698624973935274,-88.08638425350188,25,139.312500c,139.962500c,152.037500c,155.445000,152.772500
1,016,10,B0A,"Milwaukee","Milwaukee",43.07930583108158,-87.88273485183714,25,139.812500c,151.040000c,154.687500,155.565000c,155.730000
1,017,11,B01,"Kenosha","Kenosha",42.502067,-87.951436,30,139.162500c,139.662500c,140.362500c,152.652500c,152.742500c
1,018,12,B0E,"Monticello","Green",42.726965,-89.724827,30,139.162500c,152.037500c,152.742500c,153.537500,154.935000
1,019,13,b0e,"Ashridge","Richland",43.495305,-90.539811,30,139.412500c,152.517500c,151.070000c,151.295000,155.490000
1,020,14,b00,"Black River Falls","Jackson",44.374545,-90.836163,30,139.112500c,152.112500c,152.217500c,152.592500,151.047500
1,021,15,b05,"La Crescent","La Crosse",43.807805,-91.368334,30,139.662500c,152.022500c,152.562500c,151.115000,152.682500
1,022,16,b02,"Ridgeville","Monroe",43.892419,-90.58176,30,139.612500c,152.202500c,152.577500c,152.742500,151.175000
1,023,17,B09,"Seneca","Crawford",43.272706,-90.986538,30,139.212500c,152.037500c,152.127500c,152.532500c,152.652500
1,025,19,B0F,"Cary Mound","Wood",44.526558,-90.218611,30,139.262500c,152.172500c,152.652500c,152.802500,151.475000
1,026,1A,B09,"Phelps","Vilas",46.04147,-89.09728,30,151.040000,152.637500c,154.875000,155.565000c,155.947500c
1,027,1B,B06,"Crandon","Forest",45.5719072,-88.9028922,25,139.737500c,151.235000c,152.817500c,154.160000,155.325000
1,028,1C,B03,"Fence","Florence",45.73699524787636,-88.42538328647612,25,139.087500c,139.212500c,152.652500c,151.295000,155.070000
1,029,1D,B07,"Berlin","Green Lake",43.96969,-88.92919,25,139.662500c,152.742500c,155.355000,150.860000,151.070000
1,030,1E,B0C,"Lakewood","Marinette",45.396401,-88.341751,30,139.312500c,140.362500c,151.325000,152.592500c,155.670000
1,031,1F,B0A,"Lookout Mountain","Lincoln",45.398872,-89.461498,30,139.962500c,152.187500c,152.667500c,151.070000,155.010000
1,032,20,B00,"Marinette","Marinette",45.084915,-87.912083,30,139.362500c,139.662500c,151.010000,151.265000,152.547500c
1,033,21,B06,"Wittenberg","Shawano",44.820812,-89.054489,32,139.612500c,140.412500c,152.157500c,151.340000,154.687500,155.625000
1,034,22,B0A,"Rib Mountain","Marathon",44.920646,-89.691546,35,139.762500c,152.067500,152.517500c,152.622500c,152.840000,155.265000
1,035,23,B0A,"Rome","Adams",44.170262,-89.714441,30,139.212500c,152.037500,152.157500c,152.712500c,155.430000
1,036,24,B09,"Squirrel Hill","Oneida",45.827005,-89.888506,30,139.112500c,152.217500c,152.772500c,152.607500c,151.010000
1,038,26,B08,"Scandinavia","Waupaca",44.46432587892851,-89.17616577625273,25,139.412500c,152.202500c,152.607500c,152.727500c,151.040000
1,040,28,B0C,"Brussels","Door",44.747952,-87.590389,30,139.162500c,139.762500c,152.757500c,151.295000,151.415000
1,041,29,B0C,"Carlsville","Door",44.98092504571479,-87.28040190219878,25,139.412500c,139.962500c,154.445000,155.355000,155.790000
1,042,2A,B02,"Chilton","Calumet",44.034912,-88.286304,30,139.312500c,152.022500c,152.112500c,152.517500,152.652500c,151.332500c
1,043,2B,B04,"De Pere","Brown",44.357242,-87.928047,30,139.087500c,139.912500c,151.070000c,154.905000,155.505000,152.722500
1,044,2C,B04,"Eden","Fond Du Lac",43.721738,-88.355827,30,139.962500c,152.037500c,152.157500c,154.755000,154.920000,152.592500
1,047,2F,B01,"Mauthe Lake","Fond Du Lac",43.595746,-88.196311,25,139.362500,152.142500c,151.325000,151.085000,152.772500c
1,048,30,b0b,"Arcadia","Trempealeau",44.176141,-91.488347,30,139.762500c,152.547500c,152.667500c,151.250000,151.340000
1,049,31,b04,"Baldwin","St. Croix",44.975971,-92.319317,30,139.212500c,152.022500c,152.112500c,152.202500,152.757500
1,050,32,b02,"Chippewa Falls","Chippewa",45.016273,-91.564865,30,139.362500c,139.862500c,152.817500c,151.040000,155.355000
1,051,33,b04,"Elmwood","Dunn",44.769299,-92.126305,30,139.162500c,152.142500c,152.652500c,151.475000,151.220000
1,053,35,B0C,"Holcombe","Chippewa",45.285516,-91.214161,30,139.012500c,152.742500c,151.265000c,155.385000,155.580000
1,054,36,B07,"Neillsville","Clark",44.654245,-90.669823,30,139.737500c,151.235000,152.187500c,152.502500c,152.682500c
1,055,37,b05,"Nelson","Buffalo",44.419682,-91.97917,30,139.087500c,152.037500c,152.127500c,152.532500,152.637500
1,056,38,b0e,"Osseo","Eau Claire",44.611948,-91.236391,30,139.312500c,152.622500c,152.802500c,154.935000,151.010000
1,057,39,b0d,"Prescott","Pierce",44.775864,-92.756538,30,139.012500c,139.612500c,139.737500c,152.742500,154.415000
1,059,3B,B05,"Bennett","Douglas",46.431528,-91.882181,30,139.162500c,139.362500c,151.115000c,154.325000,155.295000
1,060,3C,B00,"Frederic","Polk",45.640658,-92.427292,30,139.087500c,152.037500c,152.142500c,152.802500,155.685000
1,061,3D,B08,"Hayward","Sawyer",45.996783,-91.409082,30,139.737500c,151.340000,151.055000c,154.190000,154.355000
1,062,3E,B0A,"Iron River","Bayfield",46.542628,-91.409941,30,139.112500c,152.022500c,152.142500c,150.935000,151.220000
1,063,3F,B06,"Mellen","Ashland",46.284563,-90.655231,30,139.087500c,152.037500c,152.787500c,151.235000,154.385000
1,064,40,B09,"Mercer","Iron",46.240325,-90.145311,30,139.262500c,139.662500c,151.385000c,154.755000,155.025000
1,065,41,B0C,"Meteor","Sawyer",45.689394,-91.347971,30,139.762500c,152.127500c,151.445000,154.845000,150.920000c
1,066,42,B07,"Park Falls","Price",45.915810,-90.616608,30,139.212500c,152.157500c,152.532500c,154.340000,155.190000
1,067,43,B0C,"Bayfield","Bayfield",46.827778,-90.843611,30,139.412500c,152.592500c,152.757500c,154.725000,155.130000
1,068,44,B08,"Shell Lake","Washburn",45.767643,-91.855488,30,139.737500c,152.772500c,151.250000c,154.175000,155.010000
1,070,46,B0D,"Fox Lake","Dodge",43.549699,-88.923748,30,139.762500c,152.052500c,151.265000c,151.040000,151.370000
1,072,48,B0C,"Superior","Douglas",46.72139,-92.096675,25,150.905000,151.445000c,152.037500c,152.562500c,153.147500,153.357500
1,074,4A,B0E,"Darien","Walworth",42.581992,-88.662554,25,139.012500c,152.022500c,152.142500c,152.592500,152.750000
1,075,4B,B04,"Hillsdale","Barron",45.32722,-91.95194,30,139.262500c,152.667500c,151.070000c,155.760000,150.905000
1,076,4C,B0C,"Cato","Manitowoc",44.11,-87.8000886,25,152.030000,152.127500c,152.540000c,152.750000,152.840000
1,078,4E,B00,"Madison VH","Dane",43.075479,-89.4066525,20,152.712500c,151.295000c,152.840000c,150.890000,153.185000,153.395000
1,079,4F,B06,"Spirit","Price",45.450528,-90.177197,30,139.162500c,151.415000c,155.460000c,154.695000,154.935000
1,080,50,B0B,"Bonduel","Shawano",44.719463,-88.419728,30,139.112500c,139.262500c,139.862500c,151.475000c,154.672500
1,081,51,B07,"Wautoma","Waushara",44.0899381023238,-89.33524759292601,25,139.162500c,152.217500c,152.667500c,152.757500c,155.460000
1,082,52,b0c,"Dresser","Polk",45.344575,-92.620711,30,139.112500c,152.217500c,151.115000c,154.665000,155.505000
1,083,53,B09,"Columbus","Columbia",43.352021,-89.028096,30,139.737500c,152.750000c,151.340000c,155.505000,150.875000
1,086,56,B0D,"Rubicon","Dodge",43.347429,-88.471736,25,139.112500c,139.262500c,152.607500c,151.475000,155.460000
1,088,58,B0E,"Darlington","Lafayette",42.667969,-90.131106,30,139.112500c,139.262500c,139.662500c,154.235000,155.625000
1,089,59,B08,"Genoa","Vernon",43.559061,-91.191695,30,139.162500c,152.607500c,152.712500c,151.010000,155.730000
1,090,5A,B0D,"Kewaunee","Kewaunee",44.450999,-87.531939,30,139.212500c,139.737500c,152.142500c,151.235000,155.250000
1,093,5D,B0C,"Beloit","Rock",42.5083482,-89.0317765,18,138.237500c,138.562500c,139.787500c,152.127500
1,094,5E,B06,"Greenfield","Milwaukee",42.9614039,-88.0125865,30,151.002500c,151.347500,152.022500c,152.547500c,152.780000c
1,096,60,B07,"Unity","Marathon",44.826656,-90.239553,25,139.087500c,152.022500c,152.142500c,152.547500,152.637500c
1,098,62,B0C,"Harrington Beach","Ozaukee",43.498795408402,-87.809670925053,25,152.067500c,151.070000c,151.340000c,151.445000,155.505000
1,099,63,B0F,"Sister Bay","Door",45.229720,-87.091970,25,139.012500c,151.175000c,151.445000,155.025000,152.697500c
1,101,65,B00,"Haven","Sheboygan",43.81575,-87.79175,30,139.012500c,151.220000c,151.010000,151.385000,154.205000
1,102,66,B03,"Lampson","Washburn",45.983783,-91.79944,30,139.312500c,139.812500c,151.325000,150.965000c,155.070000
1,103,67,B03,"Boulder Junction","Vilas",46.12632906404952,-89.71360702242236,25,152.697500c,152.022500c,152.172500c,151.220000,154.227500
1,104,68,B0F,"Brule","Douglas",46.533003215767,-91.59347293093,20,151.032500c,154.152500c,154.665000c,154.882500,155.662500
1,105,69,B07,"Parkland","Douglas",46.648750336738,-92.010374445235,30,152.172500c,152.052500,152.532500c,152.697500,152.817500,151.250000
1,106,6A,B01,"Grand View","Bayfield",46.3674497,-91.1082453,25,139.637500c,152.652500c,152.112500c,152.202500c,152.802500c
1,107,6B,B0B,"Kent","Langlade",45.254473142790175,-88.91292343396344,25,139.812500c,152.022500c,152.142500c,155.460000,155.955000
1,109,6D,B07,"Pembine","Marinette",45.64,-87.948333,30,139.912500c,151.040000c,152.667500c,154.310000,154.860000
1,110,6E,B07,"Perkinstown","Taylor",45.207682,-90.618646,30,139.412500c,152.037500c,152.202500c,154.415000,155.655000
1,111,6F,B04,"Clear Lake","Oneida",45.887524855459,-89.610163288116,25,139.362500c,151.265000c,151.475000,154.235000,154.845000
1,112,70,B07,"Plover","Portage",44.474791881004,-89.533001303162,25,151.265000,152.052500c,152.532500c,154.822500c,155.385000
1,114,72,B0B,"Fond du Lac","Fond Du Lac",43.7730448,-88.4470508,25,151.295000c,153.395000,154.152500,154.310000c,155.385000,155.565000
1,115,73,B05,"Luxemburg","Kewaunee",44.53992,-87.7085,25,151.040000c,151.370000,154.310000c,154.920000,155.670000c
1,121,79,B0C,"Red Cliff","Bayfield",46.878558902056,-90.791750407453,20,154.047500c,154.927500c,155.070000c,155.100000c,155.550000c
1,122,7A,B03,"Hillside","Bayfield",46.68472,-90.89556,25,151.182500c,151.227500c,151.295000c,151.337500c
1,123,7B,B0C,"Port Wing","Bayfield",46.78475,-91.31633,25,151.010000c,151.332500c,154.182500c,155.602500
1,124,7C,B0C,"Cable","Bayfield",46.2024524,-91.2985181,25,151.475000,152.502500c,151.257500c,154.695000,155.325000c
1,125,7D,B0C,"Dodgeville","Iowa",42.9602743,-90.1301237,25,150.920000c,153.215000c,154.755000,155.512500c,155.670000
1,126,7E,B06,"Dairyland","Douglas",46.2160529,-92.1554698,25,151.047500,152.030000c,152.682500c,153.132500,152.517500c
1,127,7F,B0F,"Gordon","Douglas",46.244603,-91.801007,30,151.062500c,152.150000c,152.592500c,152.787500c,153.140000,155.452500
1,128,80,,"Maple","Douglas",46.589633,-91.720669,30,152.577500,152.187500c,152.742500c,150.950000,153.125000,155.460000
1,129,81,B02,"Juneau Co Simulcast","Juneau",43.9166351,-90.1334622,30,151.370000,152.660000c,152.772500c,154.725000,155.505000c
1,130,82,B0C,"Necedah","Juneau",44.067164205701,-90.05959907017,20,172.612500c,156.210000,169.812500c,172.775000c
1,131,83,B01,"Kewaunee East","Kewaunee",44.45553864495425,-87.52907524365582,25,154.822500c,155.070000c,155.317500,155.527500,155.737500
1,132,84,B04,"Algoma","Kewaunee",44.61583,-87.43092,25,150.875000c,155.835000c,154.807500,155.190000c
1,133,85,B0C,"Menomonie","Dunn",44.8755183,-91.9193422,25,151.317500c,153.050000,153.695000c,154.695000,155.445000
1,134,86,B02,"Rock Falls","Dunn",44.7185727,-91.6898879,25,150.897500c,155.460000c,155.670000c
1,135,87,B02,"Wheeler","Dunn",45.0444067,-91.9087881,25,150.882500c,154.927500c,155.610000
1,136,88,B0C,"Florence","Florence",45.89331,-88.29672,25,151.070000,151.385000c,152.532500c,152.742500c,154.815000
1,145,91,B0E,"Pattison","Douglas",46.50964,-92.16847,15,152.157500c,152.547500c,152.840000c,154.100000c,155.512500c
1,158,9E,B0C,"Pipestone","Sawyer",45.85108,-91.20481,30,152.600000c,151.100000c,151.370000c,153.050000,153.335000
1,161,A1,B06,"Medford","Taylor",45.1385798,-90.3401404,20,151.227500c,154.025000c,154.785000c,155.925000c
1,162,A2,B03,"Bellinger","Taylor",45.0752477,-90.8001344,25,151.077500c,151.332500c,154.665000c,155.707500c
1,163,A3,B05,"Westboro","Taylor",45.358408893275,-90.227242667742,30,154.875000,155.175000c,155.355000c,155.670000c
1,199,C7,B0C,"Site on Wheels","Itinerant",,,,151.152500c,151.167500,151.197500c,151.257500,151.332500,151.347500c,151.362500,151.437500,151.482500c
1,201,C9,B0C,"DOC Portage","Columbia",43.5391486,-89.4626202,10,851.387500c,851.887500c,852.387500,852.887500,853.387500
1,202,CA,B0C,"DOC Chippewa Falls","Chippewa",44.9369054,-91.3929348,20,773.031250c,773.331250c,773.781250,774.081250,774.531250
1,203,CB,B0C,"DOC Fox Lake","Dodge",43.565543,-88.9064984,15,852.437500c,852.937500,853.437500,853.937500c
1,204,CC,B0C,"DOC Green Bay","Brown",44.47059071357429,-88.03647368435918,20,773.281250c,773.581250c,774.031250c,774.331250c,774.781250c
1,205,CD,B0C,"DOC Jackson","Jackson",44.2946834,-90.8515311,15,773.581250,773.831250c,774.081250c,774.331250,774.581250
1,206,CE,B0C,"DOC Kettle Moraine","Sheboygan",43.72350591034,-88.149147033691,20,773.581250c,773.831250c,774.081250c,774.331250c,774.581250
1,207,CF,B0C,"DOC Lincoln Hills","Lincoln",45.3513545,-89.666519,8,856.137500c,856.937500c,858.937500c,859.937500c
1,208,D0,B0C,"DOC Milwaukee","Milwaukee",43.0389025,-87.9064736,10,851.362500,851.900000c,852.400000c,852.925000,853.425000
1,209,D1,B0C,"DOC New Lisbon","Juneau",43.8807977658,-90.132756410582,10,773.081250c,773.531250c,773.831250c,774.281250c,774.581250c
1,210,D2,B0C,"DOC Oakhill","Dane",42.960029892737744,-89.3952469168623,10,773.081250c,773.331250c,774.281250c,774.531250c,774.781250c
1,211,D3,,"DOC Oshkosh","Winnebago",44.06975325755,-88.562678471049,15,770.168750c,770.418750c,770.693750c,773.056250c,774.056250c
1,212,D4,,"DOC Prairie du Chien","Crawford",43.03388822462,-91.140385271149,10,773.081250c,773.543750,773.831250,774.293750c,774.581250c
1,213,D5,B0C,"DOC Sturtevant","Racine",42.712923594045,-87.898818179738,20,773.031250,773.281250,773.531250,773.781250c,774.031250c
1,214,D6,,"DOC Redgranite","Waushara",44.0419238,-89.0984504,10,859.937500c,858.937500c,856.937500,856.137500
1,215,D7,B0C,"DOC Racine","Racine",42.7261309,-87.7828523,15,851.375000c,851.875000c,852.375000,852.875000c,853.375000
1,216,D8,B0C,"DOC Stanley","Chippewa",44.9599657,-90.9370846,12,851.437500c,851.937500c,852.437500,852.937500
1,217,D9,,"DOC Taycheedah","Fond Du Lac",43.8088785,-88.3951057,20,773.031250c,773.531250,773.781250,774.031250
1,218,DA,B0C,"DOC Waupun","Dodge",43.631418854139,-88.734883116995,20,851.375000c,851.875000,852.375000c,852.875000c,853.375000,853.875000,854.962500
1,219,DB,,"DOC Boscobel","Grant",43.1344289,-90.7054045,10,851.487500c,851.987500c,852.487500,852.987500,853.487500
1,220,DC,B0C,"DHS Union Grove","Racine",42.688074,-88.0514731,10,856.137500,856.937500,858.937500c,859.937500c
1,221,DD,B0C,"DHS Madison Mendota","Dane",43.134574435542,-89.401251979871,20,856.137500c,856.937500,858.937500c,859.937500
1,222,DE,B0C,"DHS Sand Ridge","Juneau",43.7971946,-90.0773495,10,856.137500,856.937500,858.937500c,859.937500c
1,223,DF,B0C,"DHS Winnebago","Winnebago",44.075,-88.518,10,851.475000c,851.925000c,852.425000c,852.925000c,853.425000
1,241,F1,B03,"Milwaukee 800","Milwaukee",43.079353891435,-87.882682800293,10,851.475000c,851.925000c,852.425000c,853.362500,853.862500c
1,242,F2,B00,"Bayside 800","Milwaukee",43.1805646,-87.9006421,20,852.362500c,852.862500,853.400000c,855.212500c,859.737500c
1,243,F3,B01,"Greenfield 800","Milwaukee",42.9614039,-88.0125865,10,853.475000c,853.975000c,856.462500,855.362500c,857.987500
1,244,F4,B02,"Madison 800","Dane",43.0730517,-89.4012302,12,851.475000c,851.925000c,852.425000c,853.362500
1,245,F5,B04,"Chilton 800","Calumet",44.02914,-88.28658,15,851.487500c,851.987500c,852.487500c,852.987500c
1,246,F6,B02,"Germantown 700","Washington",43.205999859754,-88.167297363281,20,773.068750c,773.318750,774.068750c,774.318750,774.568750
1,247,F7,B0D,"Bay City 700","Pierce",44.7321897,-92.434124,20,773.068750c,773.318750c,774.068750c,774.318750c,774.568750c
