Decimal,Hex,Alpha Tag,Mode,Description,Tag,Category
1,001,"SCALL1","D","Statewide Calling 1","Interop","Statewide Interoperability"
2,002,"STAC2","D","Statewide Tactical 2","Multi-Tac","Statewide Interoperability"
3,003,"STAC3","D","Statewide Tactical 3","Multi-Tac","Statewide Interoperability"
4,004,"STAC4","D","Statewide Tactical 4","Multi-Tac","Statewide Interoperability"
5,005,"STAC5","D","Statewide Tactical 5","Multi-Tac","Statewide Interoperability"
6,006,"STAC6","D","Statewide Tactical 6","Multi-Tac","Statewide Interoperability"
7,007,"STAC7","D","Statewide Tactical 7","Multi-Tac","Statewide Interoperability"
8,008,"STAC8","D","Statewide Tactical 8","Multi-Tac","Statewide Interoperability"
11,00b,"RCALL11SW","D","SW Region Calling 11","Interop","Southwest Area Interoperability"
12,00c,"RTAC12SW","D","SW Region Tactical 12","Multi-Tac","Southwest Area Interoperability"
13,00d,"RTAC13SW","D","SW Region Tactical 13","Multi-Tac","Southwest Area Interoperability"
14,00e,"RTAC14SW","D","SW Region Tactical 14","Multi-Tac","Southwest Area Interoperability"
21,015,"RCALL21SE","D","SE Region Calling 21","Interop","Southeast Area Interoperability"
22,016,"RTAC22SE","D","SE Region Tactical 22","Multi-Tac","Southeast Area Interoperability"
23,017,"RTAC23SE","D","SE Region Tactical 23","Multi-Tac","Southeast Area Interoperability"
24,018,"RTAC24SE","D","SE Region Tactical 24","Multi-Tac","Southeast Area Interoperability"
31,01f,"RCALL31EC","D","EC Region Calling 31","Interop","East Central Area Interoperability"
32,020,"RTAC32EC","D","EC Region Tactical 32","Multi-Tac","East Central Area Interoperability"
33,021,"RTAC33EC","D","EC Region Tactical 33","Multi-Tac","East Central Area Interoperability"
34,022,"RTAC34EC","D","EC Region Tactical 34","Multi-Tac","East Central Area Interoperability"
41,029,"RCALL41NE","D","NE Region Calling 41","Interop","Northeast Area Interoperability"
42,02a,"RTAC42NE","D","NE Region Tactical 42","Multi-Tac","Northeast Area Interoperability"
43,02b,"RTAC43NE","D","NE Region Tactical 43","Multi-Tac","Northeast Area Interoperability"
44,02c,"RTAC44NE","D","NE Region Tactical 44","Multi-Tac","Northeast Area Interoperability"
51,033,"RCALL51WC","D","WC Region Calling 51","Interop","West Central Area Interoperability"
52,034,"RTAC52WC","D","WC Region Tactical 52","Multi-Tac","West Central Area Interoperability"
53,035,"RTAC53WC","D","WC Region Tactical 53","Multi-Tac","West Central Area Interoperability"
54,036,"RTAC54WC","D","WC Region Tactical 54","Multi-Tac","West Central Area Interoperability"
61,03d,"RCALL61NW","D","NW Region Calling 61","Interop","Northwest Area Interoperability"
62,03e,"RTAC62NW","D","NW Region Tactical 62","Multi-Tac","Northwest Area Interoperability"
63,03f,"RTAC63NW","D","NW Region Tactical 63","Multi-Tac","Northwest Area Interoperability"
64,040,"RTAC64NW","D","NW Region Tactical 64","Multi-Tac","Northwest Area Interoperability"
71,047,"HAZMAT","D","Statewide Haz Mat regional specialty teams","Fire-Tac","Statewide Interoperability"
72,048,"COLLAPSE","D","Statewide Collapse regional specialty teams","Fire-Tac","Statewide Interoperability"
73,049,"MABAS1","D","Statewide MABAS 1 - Coordination","Fire-Tac","Statewide Interoperability"
74,04a,"MABAS2","D","Statewide MABAS 2 - Administration","Fire-Tac","Statewide Interoperability"
76,04c,"EPS1","D","WEM Emergency Police Services","Law Tac","Statewide Interoperability"
94,05e,"TEST94","D","System Testing/Demo 94","Public Works","System Testing"
95,05f,"TEST95","D","System Testing/Demo 95","Public Works","System Testing"
96,060,"TEST96","D","System Testing/Demo 96","Public Works","System Testing"
97,061,"TEST97","D","System Testing/Demo 97","Public Works","System Testing"
98,062,"TEST98","D","System Testing/Demo 98","Public Works","System Testing"
99,063,"TEST99","D","System Testing/Demo 99","Public Works","System Testing"
100,064,"WSPCOMATG","D","WSP Radio Techs - ATG","Other","State Patrol: Radio Technicians"
101,065,"WSPCOMSTW","D","WSP Radio Techs - Statewide","Other","State Patrol: Radio Technicians"
102,066,"WSPCOMHF","DE","WSP Radio Techs - Central HQ","Other","State Patrol: Radio Technicians"
103,067,"WSPCOMNA","DE","WSP Radio Techs - Northeast Area","Other","State Patrol: Radio Technicians"
104,068,"WSPCOMSA","DE","WSP Radio Techs - Southern Area","Other","State Patrol: Radio Technicians"
105,069,"WSPCOMWA","DE","WSP Radio Techs - Western Area","Other","State Patrol: Radio Technicians"
110,06e,"WSPSWATG","D","Southwest Region: Announcement","Law Dispatch","State Patrol: Southwest Region"
111,06f,"WSPSW1","D","Southwest 1 - DeForest/Tomah Posts","Law Dispatch","State Patrol: Southwest Region"
112,070,"WSPSW2","D","Southwest 2","Law Dispatch","State Patrol: Southwest Region"
113,071,"WSPSW3","D","Southwest 3","Law Dispatch","State Patrol: Southwest Region"
114,072,"WSPSW4","DE","Southwest 4 ","Law Tac","State Patrol: Southwest Region"
115,073,"WSPSW5","D","Southwest 5","Law Dispatch","State Patrol: Southwest Region"
116,074,"WSPSW6","D","Southwest 6","Law Dispatch","State Patrol: Southwest Region"
117,075,"WSPSW7","D","Southwest 7 ","Law Dispatch","State Patrol: Southwest Region"
118,076,"WSPSW8","DE","Southwest 8","Law Tac","State Patrol: Southwest Region"
120,078,"WSPSEATG","D","Southeast Region: Announcement","Law Dispatch","State Patrol: Southeast Region"
121,079,"WSPSE1","D","Southeast 1 - Waukesha Post","Law Dispatch","State Patrol: Southeast Region"
122,07a,"WSPSE2","D","Southeast 2","Law Dispatch","State Patrol: Southeast Region"
123,07b,"WSPSE3","D","Southeast 3","Law Dispatch","State Patrol: Southeast Region"
124,07c,"WSPSE4","DE","Southeast 4","Law Tac","State Patrol: Southeast Region"
130,082,"WSPNEATG","D","Northeast Region: Announcement","Law Dispatch","State Patrol: Northeast Region"
131,083,"WSPNE1","D","Northeast 1 - Wrightstown Post","Law Dispatch","State Patrol: Northeast Region"
132,084,"WSPNE2","D","Northeast 2","Law Dispatch","State Patrol: Northeast Region"
133,085,"WSPNE3","D","Northeast 3","Law Dispatch","State Patrol: Northeast Region"
134,086,"WSPNE4","DE","Northeast 4","Law Tac","State Patrol: Northeast Region"
140,08c,"WSPNCATG","D","North Central Region: Announcement","Law Dispatch","State Patrol: North Central Region"
141,08d,"WSPNC1","D","North Central 1 - Wausau Post","Law Dispatch","State Patrol: North Central Region"
142,08e,"WSPNC2","D","North Central 2","Law Dispatch","State Patrol: North Central Region"
143,08f,"WSPNC3","D","North Central 3","Law Dispatch","State Patrol: North Central Region"
144,090,"WSPNC4","DE","North Central 4","Law Tac","State Patrol: North Central Region"
150,096,"WSPNWATG","D","Northwest Region: Announcement","Law Dispatch","State Patrol: Northwest Region"
151,097,"WSPNW1","D","Northwest 1 - Eau Claire/Spooner Posts","Law Dispatch","State Patrol: Northwest Region"
152,098,"WSPNW2","D","Northwest 2","Law Dispatch","State Patrol: Northwest Region"
153,099,"WSPNW3","D","Northwest 3","Law Dispatch","State Patrol: Northwest Region"
154,09a,"WSPNW4","DE","Northwest 4","Law Tac","State Patrol: Northwest Region"
155,09b,"WSPNW5","D","Northwest 5","Law Dispatch","State Patrol: Northwest Region"
156,09c,"WSPNW6","D","Northwest 6","Law Dispatch","State Patrol: Northwest Region"
157,09d,"WSPNW7","D","Northwest 7","Law Dispatch","State Patrol: Northwest Region"
158,09e,"WSPNW8","DE","Northwest 8","Law Tac","State Patrol: Northwest Region"
161,0a1,"WSPAC1","D","Academy 1","Law Talk","State Patrol: Special Operations"
162,0a2,"WSPAC2","D","Academy 2","Law Talk","State Patrol: Special Operations"
181,0b5,"WSPASU1","D","WSP Air Support Unit 1","Law Talk","State Patrol: Special Operations"
182,0b6,"WSPASU2","D","WSP Air Support Unit 2","Law Talk","State Patrol: Special Operations"
183,0b7,"WSPASU3","D","WSP Air Support Unit 3","Law Talk","State Patrol: Special Operations"
184,0b8,"WSPDPU1","DE","WSP Dignitary Protection Unit 1","Law Talk","State Patrol: Special Operations"
185,0b9,"WSPDPU2","DE","WSP Dignitary Protection Unit 2","Law Talk","State Patrol: Special Operations"
186,0ba,"WSPDPU3","DE","WSP Dignitary Protection Unit 3","Law Talk","State Patrol: Special Operations"
187,0bb,"WSPTRU1","D","WSP Technical Reconstruction Unit 1","Law Talk","State Patrol: Special Operations"
188,0bc,"WSPTRU2","D","WSP Technical Reconstruction Unit 2","Law Talk","State Patrol: Special Operations"
189,0bd,"WSPTRU3","D","WSP Technical Reconstruction Unit 3","Law Talk","State Patrol: Special Operations"
191,0bf,"WSPSTW1","D","State Patrol Statewide 1","Law Tac","State Patrol: Statewide"
192,0c0,"WSPSTW2","D","State Patrol Statewide 2","Law Tac","State Patrol: Statewide"
193,0c1,"WSPSTW3","D","State Patrol Statewide 3","Law Tac","State Patrol: Statewide"
200,0c8,"DOTATG","D","Announcement","Public Works","Wisconsin Department of Transportation"
201,0c9,"DOTSTOC","D","Statewide Traffic Operations Center","Public Works","Wisconsin Department of Transportation"
210,0d2,"DOTRIMCSTW","D","Regional Incident Management Coordinators - Statewide","Public Works","Wisconsin Department of Transportation"
211,0d3,"DOTRIMCSW","D","Regional Incident Management Coordinators - Southwest","Public Works","Wisconsin Department of Transportation"
212,0d4,"DOTRIMCSE","D","Regional Incident Management Coordinators - Southeast","Public Works","Wisconsin Department of Transportation"
213,0d5,"DOTRIMCNE","D","Regional Incident Management Coordinators - Northeast","Public Works","Wisconsin Department of Transportation"
214,0d6,"DOTRIMCNC","D","Regional Incident Management Coordinators - North Central","Public Works","Wisconsin Department of Transportation"
215,0d7,"DOTRIMCNW","D","Regional Incident Management Coordinators - Northwest","Public Works","Wisconsin Department of Transportation"
220,0dc,"DOTFSTSTW","D","Freeway Service Team - Statewide","Public Works","Wisconsin Department of Transportation"
221,0dd,"DOTFSTSW","D","Freeway Service Team - Southwest","Public Works","Wisconsin Department of Transportation"
222,0de,"DOTFSTSE","D","Freeway Service Team - Southeast","Public Works","Wisconsin Department of Transportation"
223,0df,"DOTFSTNE","D","Freeway Service Team - Northeast","Public Works","Wisconsin Department of Transportation"
224,0e0,"DOTFSTNC","D","Freeway Service Team - North Central","Public Works","Wisconsin Department of Transportation"
225,0e1,"DOTFSTNW","D","Freeway Service Team - Northwest","Public Works","Wisconsin Department of Transportation"
500,1f4,"DNRLEATG","D","All Law Enforcement Announcement","Law Talk","Dept. of Natural Resources: Statewide Law Enforcement"
501,1f5,"DNRLAW","D","Department Common","Law Talk","Dept. of Natural Resources: Statewide Law Enforcement"
502,1f6,"DNRWARDEN","D","Credentialed Statewide","Law Talk","Dept. of Natural Resources: Statewide Law Enforcement"
571,23b,"GLIFWC","D","Great Lakes Indian Fish & Wildlife Commission/Wardens","Law Talk","Dept. of Natural Resources: Statewide Law Enforcement"
572,23c,"DNRLKMCH","D","Lake Michigan","Law Talk","Dept. of Natural Resources: Statewide Law Enforcement"
611,263,"DNRFRBRF","D","Forestry Black River Falls Dispatch Group","Fire-Talk","Dept. of Natural Resources: Forestry Fire Control"
612,264,"DNRFRSPN","D","Forestry Spooner Dispatch Group","Fire-Talk","Dept. of Natural Resources: Forestry Fire Control"
613,265,"DNRFRCOM","De","Forestry Comm","Multi-Talk","Dept. of Natural Resources: Statewide"
614,266,"DNRFRDGV","D","Forestry Dodgeville Dispatch Group","Fire-Talk","Dept. of Natural Resources: Forestry Fire Control"
615,267,"DNRFRPKF","D","Forestry Park Falls Dispatch Group","Fire-Talk","Dept. of Natural Resources: Forestry Fire Control"
616,268,"DNRFRPST","D","Forestry Peshtigo Dispatch Group","Fire-Talk","Dept. of Natural Resources: Forestry Fire Control"
617,269,"DNRFRWIR","D","Forestry Wisconsin Rapids Dispatch Group","Fire-Talk","Dept. of Natural Resources: Forestry Fire Control"
618,26a,"DNRFRWOD","D","Forestry Woodruff Dispatch Group","Fire-Talk","Dept. of Natural Resources: Forestry Fire Control"
631,277,"DNRIC1","D","Incident Command 1","Multi-Talk","Dept. of Natural Resources: Statewide"
632,278,"DNRIC2","D","Incident Command 2","Multi-Talk","Dept. of Natural Resources: Statewide"
633,279,"DNRIC3","D","Incident Command 3","Multi-Talk","Dept. of Natural Resources: Statewide"
634,27a,"DNRIC4","D","Incident Command 4","Multi-Talk","Dept. of Natural Resources: Statewide"
641,281,"DNRAERO","D","Aeronautics","Multi-Talk","Dept. of Natural Resources: Statewide"
1006,3ee,"K25SEC","D","CCI Security","Corrections","Dept. of Corrections - Columbia Correctional Institution"
1007,3ef,"K25MNT","D","CCI Maintenance","Corrections","Dept. of Corrections - Columbia Correctional Institution"
1008,3f0,"K25PTR","D","CCI Perimeter ","Corrections","Dept. of Corrections - Columbia Correctional Institution"
1011,3f3,"K25MNT1","D","CCI MNT1","Corrections","Dept. of Corrections - Columbia Correctional Institution"
1012,3f4,"K25EMR","D","CCI Emergency","Corrections","Dept. of Corrections - Columbia Correctional Institution"
1014,3f6,"K25ADM","D","CCI Admin","Corrections","Dept. of Corrections - Columbia Correctional Institution"
1015,3f7,"K25SPT","D","CCI SPT","Corrections","Dept. of Corrections - Columbia Correctional Institution"
1016,3f8,"K25RSH1","D","CCI RSH1","Corrections","Dept. of Corrections - Columbia Correctional Institution"
1017,3f9,"K25H01","D","CCI Housing 1","Corrections","Dept. of Corrections - Columbia Correctional Institution"
1019,3fb,"K25RSH2","D","CCI RSH2","Corrections","Dept. of Corrections - Columbia Correctional Institution"
1020,3fc,"K25H04","D","CCI Housing 4","Corrections","Dept. of Corrections - Columbia Correctional Institution"
1022,3fe,"K25H67","D","CCI Housing 6-7","Corrections","Dept. of Corrections - Columbia Correctional Institution"
1024,400,"K25H08","D","CCI Housing 8","Corrections","Dept. of Corrections - Columbia Correctional Institution"
1025,401,"K25RO","D","CCI RO","Corrections","Dept. of Corrections - Columbia Correctional Institution"
1026,402,"K25MNT2","D","CCI MNT2","Corrections","Dept. of Corrections - Columbia Correctional Institution"
1034,40a,"K25ATG","D","CCI ATG","Corrections","Dept. of Corrections - Columbia Correctional Institution"
1099,44b,"K25TRAN","D","Columbia Correctional Transports","Corrections","Dept. of Corrections - Statewide"
1100,44c,"K25TRVL","D","Columbia DOC Travel","Corrections","Dept. of Corrections - Statewide"
1106,452,"K40SEC","D","Security","Corrections","Dept. of Corrections - Chippewa Valley Correctional Treatment Fa"
1206,4b6,"K28SEC","D","Dodge CI Security","Corrections","Dept. of Corrections - Waupun Facilities"
1207,4b7,"K28MNT","D","Dodge CI Maintenance","Corrections","Dept. of Corrections - Waupun Facilities"
1208,4b8,"K28PTR","D","Dodge CI Perimeter","Corrections","Dept. of Corrections - Waupun Facilities"
1211,4bb,"K28MT1","D","Dodge CI MT1","Corrections","Dept. of Corrections - Waupun Facilities"
1213,4bd,"Dodge 1-17","D","Dodge CI Units 1-17","Corrections","Dept. of Corrections - Waupun Facilities"
1214,4be,"Dodge 18","D","Dodge CI Unit 18","Corrections","Dept. of Corrections - Waupun Facilities"
1215,4bf,"Dodge 19/20","D","Dodge CI Units 19/20","Corrections","Dept. of Corrections - Waupun Facilities"
1216,4c0,"Dodge 21/22","D","Dodge CI Units 21/22","Corrections","Dept. of Corrections - Waupun Facilities"
1217,4c1,"Dodge 23/24","D","Dodge CI Units 23/24","Corrections","Dept. of Corrections - Waupun Facilities"
1218,4c2,"Dodge 25","D","Dodge CI Unit 25","Corrections","Dept. of Corrections - Waupun Facilities"
1219,4c3,"Dodge 30/33","D","Dodge CI Units 30/33","Corrections","Dept. of Corrections - Waupun Facilities"
1221,4c5,"K28EMR","D","Dodge CI Emergency","Corrections","Dept. of Corrections - Waupun Facilities"
1223,4c7,"K28ATG","D","Dodge CI ATG","Corrections","Dept. of Corrections - Waupun Facilities"
1224,4c8,"K28FS","D","Dodge CI Food Service","Corrections","Dept. of Corrections - Waupun Facilities"
1299,513,"K28TRAN","D","Dodge Correctional Transports","Corrections","Dept. of Corrections - Statewide"
1301,515,"K24SEC FLCI SEC","D","K24SEC FLCI Security","Corrections","Dept. of Corrections - Fox Lake Correctional Institution"
1303,517,"K24MNT","D","K24MNT FLCI Maintenance","Corrections","Dept. of Corrections - Fox Lake Correctional Institution"
1304,518,"K24ATG","D","K24ATG FLCI Announcement","Corrections","Dept. of Corrections - Fox Lake Correctional Institution"
1307,51b,"K24FS","D","K24FS FLCI Food Service","Corrections","Dept. of Corrections - Fox Lake Correctional Institution"
1308,51c,"K24VOC","D","K24VOC FLCI","Corrections","Dept. of Corrections - Fox Lake Correctional Institution"
1399,577,"K24TRAN","D","Fox Lake Correctional Transports","Corrections","Dept. of Corrections - Statewide"
1400,578,"K24TRVL","D","FLCI Travel","Corrections","Dept. of Corrections - Fox Lake Correctional Institution"
1401,579,"K22SEC","D","Security","Corrections","Dept. of Corrections - Green Bay Correctional Institution "
1403,57b,"K22MNT","D","Maintenance","Corrections","Dept. of Corrections - Green Bay Correctional Institution "
1404,57c,"K22ATG","D","Announcement","Corrections","Dept. of Corrections - Green Bay Correctional Institution "
1406,57e,"K22RSH","D","K22RSH","Corrections","Dept. of Corrections - Green Bay Correctional Institution "
1407,57f,"K22IND","D","K22IND","Corrections","Dept. of Corrections - Green Bay Correctional Institution "
1408,580,"K22HSU","D","K22HSU","Corrections","Dept. of Corrections - Green Bay Correctional Institution "
1409,581,"K22SCH","D","K22SCH","Corrections","Dept. of Corrections - Green Bay Correctional Institution "
1410,582,"K22NCH","D","K22NCH","Corrections","Dept. of Corrections - Green Bay Correctional Institution "
1411,583,"K22TC","D","K22TC","Corrections","Dept. of Corrections - Green Bay Correctional Institution "
1412,584,"K22DMA","D","K22DMA","Corrections","Dept. of Corrections - Green Bay Correctional Institution "
1416,588,"K22MT1","D","K22MT1","Corrections","Dept. of Corrections - Green Bay Correctional Institution "
1419,58b,"K22MS","D","K22MS","Corrections","Dept. of Corrections - Green Bay Correctional Institution "
1420,58c,"K22FS","D","Food Service","Corrections","Dept. of Corrections - Green Bay Correctional Institution "
1421,58d,"K2SPT","D","K22SPT","Corrections","Dept. of Corrections - Green Bay Correctional Institution "
1499,5db,"K22TRAN","D","Green Bay Correctional Transports","Corrections","Dept. of Corrections - Statewide"
1505,5e1,"K33EMR","D","JCI Emergency","Corrections","Dept. of Corrections - Jackson Correctional Institution"
1506,5e2,"K33SEC","D","JCI Security","Corrections","Dept. of Corrections - Jackson Correctional Institution"
1507,5e3,"K33MNT","D","JCI Maintenance","Corrections","Dept. of Corrections - Jackson Correctional Institution"
1510,5e6,"JCI 10","D","JCI Ops 10","Corrections","Dept. of Corrections - Jackson Correctional Institution"
1511,5e7,"JCI 11","D","JCI Ops 11","Corrections","Dept. of Corrections - Jackson Correctional Institution"
1512,5e8,"JCI 12","D","JCI Ops 12","Corrections","Dept. of Corrections - Jackson Correctional Institution"
1513,5e9,"JCI 13","D","JCI Ops 13","Corrections","Dept. of Corrections - Jackson Correctional Institution"
1515,5eb,"JCI 15","D","JCI Ops 15","Corrections","Dept. of Corrections - Jackson Correctional Institution"
1599,63f,"K33TRAN","D","JCI Transport","Corrections","Dept. of Corrections - Jackson Correctional Institution"
1601,641,"KMCI 1","D","KMCI Ops 1","Corrections","Dept. of Corrections - Kettle Moraine Correctional Institution"
1605,645,"KMCI 5","D","KMCI Ops 5","Corrections","Dept. of Corrections - Kettle Moraine Correctional Institution"
1606,646,"KMCI SEC","D","KMCI Security","Corrections","Dept. of Corrections - Kettle Moraine Correctional Institution"
1607,647,"KMCI Maint","D","KMCI Maintenance","Corrections","Dept. of Corrections - Kettle Moraine Correctional Institution"
1608,648,"KMCI 8","D","KMCI Ops 8","Corrections","Dept. of Corrections - Kettle Moraine Correctional Institution"
1610,64a,"KMCI 10","D","KMCI Ops 10","Corrections","Dept. of Corrections - Kettle Moraine Correctional Institution"
1611,64b,"KMCI 11","D","KMCI Ops 11","Corrections","Dept. of Corrections - Kettle Moraine Correctional Institution"
1612,64c,"KMCI 12","D","KMCI Ops 12","Corrections","Dept. of Corrections - Kettle Moraine Correctional Institution"
1613,64d,"KMCI 13","D","KMCI Ops 13","Corrections","Dept. of Corrections - Kettle Moraine Correctional Institution"
1614,64e,"KMCI 14","D","KMCI Ops 14","Corrections","Dept. of Corrections - Kettle Moraine Correctional Institution"
1615,64f,"KMCI 15","D","KMCI Ops 15","Corrections","Dept. of Corrections - Kettle Moraine Correctional Institution"
1616,650,"KMCI 16","D","KMCI Ops 16","Corrections","Dept. of Corrections - Kettle Moraine Correctional Institution"
1617,651,"KMCI 17","D","KMCI Ops 17","Corrections","Dept. of Corrections - Kettle Moraine Correctional Institution"
1618,652,"KMCI 18","D","KMCI Ops 18","Corrections","Dept. of Corrections - Kettle Moraine Correctional Institution"
1700,6a4,"K26TRVL","D","Kettle Moraine Correctional Travel","Corrections","Dept. of Corrections - Statewide"
1706,6aa,"K51SEC","D","K51SEC Security","Corrections","Dept. of Corrections - Milwaukee Secure Detention Facility"
1707,6ab,"K51MNT","D","K51MNT Maintenance","Corrections","Dept. of Corrections - Milwaukee Secure Detention Facility"
1711,6af,"K51EMR","D","K51EMR Emergency","Corrections","Dept. of Corrections - Milwaukee Secure Detention Facility"
1712,6b0,"K51SG","D","K51SG","Corrections","Dept. of Corrections - Milwaukee Secure Detention Facility"
1713,6b1,"K51HSU","D","K51HSU","Corrections","Dept. of Corrections - Milwaukee Secure Detention Facility"
1716,6b4,"K51FL3","D","K51FL3","Corrections","Dept. of Corrections - Milwaukee Secure Detention Facility"
1717,6b5,"K51FL4_5","D","K51FL4_5","Corrections","Dept. of Corrections - Milwaukee Secure Detention Facility"
1718,6b6,"K51FL6","D","K51FL6","Corrections","Dept. of Corrections - Milwaukee Secure Detention Facility"
1719,6b7,"K51FL7","D","K51FL7","Corrections","Dept. of Corrections - Milwaukee Secure Detention Facility"
1721,6b9,"K51FL9","D","K51FL9","Corrections","Dept. of Corrections - Milwaukee Secure Detention Facility"
1722,6ba,"K51INT","D","K51INT","Corrections","Dept. of Corrections - Milwaukee Secure Detention Facility"
1725,6bd,"K51ATG","D","K51ATG Announcement","Corrections","Dept. of Corrections - Milwaukee Secure Detention Facility"
1800,708,"K51TRVL","D","Milwaukee Secure Detention Facility Travel","Corrections","Dept. of Corrections - Statewide"
1805,70d,"K37EMR","D","Emergency","Corrections","Dept. of Corrections - New Lisbon Correctional Institution"
1806,70e,"K37SEC","D","Security","Corrections","Dept. of Corrections - New Lisbon Correctional Institution"
1807,70f,"K37MNT","D","Maintenance","Corrections","Dept. of Corrections - New Lisbon Correctional Institution"
1808,710,"K37PTR","D","Perimeter","Corrections","Dept. of Corrections - New Lisbon Correctional Institution"
1810,712,"K37RHU","D","RHU","Corrections","Dept. of Corrections - New Lisbon Correctional Institution"
1811,713,"K37HUA","D","Housing Unit A","Corrections","Dept. of Corrections - New Lisbon Correctional Institution"
1812,714,"K37HUB","D","Housing Unit B","Corrections","Dept. of Corrections - New Lisbon Correctional Institution"
1813,715,"K37HUC","D","Housing Unit C","Corrections","Dept. of Corrections - New Lisbon Correctional Institution"
1814,716,"K37HUD","D","Housing Unit D","Corrections","Dept. of Corrections - New Lisbon Correctional Institution"
1815,717,"K36 15","D","Operations 15","Corrections","Dept. of Corrections - New Lisbon Correctional Institution"
1816,718,"K37ATG","D","Announcement","Corrections","Dept. of Corrections - New Lisbon Correctional Institution"
1820,71c,"K37FS","D","Food Service","Corrections","Dept. of Corrections - New Lisbon Correctional Institution"
1906,772,"OCISEC","D","OCI Security","Corrections","Dept. of Corrections - Oakhill Correctional Institution"
1907,773,"OCI7","D","OCI Ops 7","Corrections","Dept. of Corrections - Oakhill Correctional Institution"
1910,776,"OCI10","D","OCI Ops 10","Corrections","Dept. of Corrections - Oakhill Correctional Institution"
1912,778,"OCI12","D","OCI Ops 12","Corrections","Dept. of Corrections - Oakhill Correctional Institution"
1915,77b,"OCI15","D","OCI Ops 15","Corrections","Dept. of Corrections - Oakhill Correctional Institution"
1916,77c,"OCI16","D","OCI Ops 16","Corrections","Dept. of Corrections - Oakhill Correctional Institution"
1998,7ce,"K56ESCRT","D","DOC University Hospital Secure Unit","Corrections","Dept. of Corrections - Statewide"
2001,7d1,"OSCI1","D","OSCI1","Corrections","Dept. of Corrections - Oshkosh Correctional Institution"
2003,7d3,"OSCI3","D","OSCI3","Corrections","Dept. of Corrections - Oshkosh Correctional Institution"
2012,7dc,"OSCI12","D","OSCI12","Corrections","Dept. of Corrections - Oshkosh Correctional Institution"
2099,833,"K27TRAN","D","Oshkosh Correctional Transport","Corrections","Dept. of Corrections - Statewide"
2106,83a,"PDC 6","D","PDC 6","Corrections","Dept. of Corrections - Prairie du Chien Correctional Institution"
2107,83b,"PDC 7","D","PDC 7","Corrections","Dept. of Corrections - Prairie du Chien Correctional Institution"
2111,83f,"PDC 11","D","PDC 11","Corrections","Dept. of Corrections - Prairie du Chien Correctional Institution"
2117,845,"PDC 17","D","PDC 17","Corrections","Dept. of Corrections - Prairie du Chien Correctional Institution"
2205,89d,"K29EMR","D","RCI Emergency","Corrections","Dept. of Corrections - Racine Correctional Institution"
2206,89e,"K29SEC","D","RCI Security","Corrections","Dept. of Corrections - Racine Correctional Institution"
2207,89f,"K29MNT","D","RCI Maintenance","Corrections","Dept. of Corrections - Racine Correctional Institution"
2210,8a2,"K29HSG","D","RCI Housing","Corrections","Dept. of Corrections - Racine Correctional Institution"
2212,8a4,"K29MT1","D","RCI MT1","Corrections","Dept. of Corrections - Racine Correctional Institution"
2213,8a5,"K29WKE","D","RCI WKE","Corrections","Dept. of Corrections - Racine Correctional Institution"
2214,8a6,"K29WKW","D","RCI WKW","Corrections","Dept. of Corrections - Racine Correctional Institution"
2215,8a7,"K29ATG","D","RCI Announcement","Corrections","Dept. of Corrections - Racine Correctional Institution"
2218,8aa,"K30STF","D","Sturtevant Transitional","Corrections","Dept. of Corrections - Racine Correctional Institution"
2299,8fb,"K29TRAN","D","RCI Transportation","Corrections","Dept. of Corrections - Racine Correctional Institution"
2306,902,"K36SEC","D","RGCI Security","Corrections","Dept. of Corrections - Redgranite Correctional Institution"
2307,903,"K36MNT","D","RGCI Maintenance","Corrections","Dept. of Corrections - Redgranite Correctional Institution"
2308,904,"K36PTR","D","RGCI Perimeter","Corrections","Dept. of Corrections - Redgranite Correctional Institution"
2311,907,"K36HUE","D","RGCI Housing Unit E","Corrections","Dept. of Corrections - Redgranite Correctional Institution"
2314,90a,"K36HUH","D","RGCI Housing Unit H","Corrections","Dept. of Corrections - Redgranite Correctional Institution"
2315,90b,"K36ATG","D","RGCI Announcement","Corrections","Dept. of Corrections - Redgranite Correctional Institution"
2406,966,"RYOC SEC","D","RYOC Security","Corrections","Dept. of Corrections - Racine Youthful Offenders Facility"
2407,967,"RYOC MAINT","D","RYOC Maintenance","Corrections","Dept. of Corrections - Racine Youthful Offenders Facility"
2408,968,"RYOC PERIM","D","RYOC Perimeter","Corrections","Dept. of Corrections - Racine Youthful Offenders Facility"
2413,96d,"RYOC 13","D","RYOC OPS 13","Corrections","Dept. of Corrections - Racine Youthful Offenders Facility"
2416,970,"RYOC 16","D","RYOC OPS 16","Corrections","Dept. of Corrections - Racine Youthful Offenders Facility"
2417,971,"RYOC 17","D","RYOC OPS 17","Corrections","Dept. of Corrections - Racine Youthful Offenders Facility"
2418,972,"RYOC 18","D","RYOC OPS 18","Corrections","Dept. of Corrections - Racine Youthful Offenders Facility"
2506,9ca,"K42SEC","D","SCI Security","Corrections","Dept. of Corrections - Stanley Correctional Institution"
2507,9cb,"K42MNT","D","SCI Maintenance","Corrections","Dept. of Corrections - Stanley Correctional Institution"
2508,9cc,"K42PTR","D","SCI Perimeter","Corrections","Dept. of Corrections - Stanley Correctional Institution"
2511,9cf,"K42MT1","D","SCI Maintenance 1","Corrections","Dept. of Corrections - Stanley Correctional Institution"
2512,9d0,"K42ATG","D","SCI All Call","Corrections","Dept. of Corrections - Stanley Correctional Institution"
2513,9d1,"K42H01","D","SCI Housing 1","Corrections","Dept. of Corrections - Stanley Correctional Institution"
2518,9d6,"K42RSH","D","SCI RSH","Corrections","Dept. of Corrections - Stanley Correctional Institution"
2599,a27,"K42TRAN","D","Stanley Correctional Transports","Corrections","Dept. of Corrections - Statewide"
2606,a2e,"K23SEC","D","TCI Security","Corrections","Dept. of Corrections - Taycheedah Correctional Institution"
2607,a2f,"K23MNT","D","TCI Maintenance","Corrections","Dept. of Corrections - Taycheedah Correctional Institution"
2608,a30,"K23PTR","D","TCI Perimeter","Corrections","Dept. of Corrections - Taycheedah Correctional Institution"
2609,a31,"K23PSPV","D","TCI Supervisor","Corrections","Dept. of Corrections - Taycheedah Correctional Institution"
2610,a32,"K23HSU","D","TCI HSU","Corrections","Dept. of Corrections - Taycheedah Correctional Institution"
2611,a33,"K23ATG","D","TCI All Call","Corrections","Dept. of Corrections - Taycheedah Correctional Institution"
2612,a34,"K23SPT","D","TCI Gatehouse","Corrections","Dept. of Corrections - Taycheedah Correctional Institution"
2613,a35,"K23ADA","D","TCI Addams Hall","Corrections","Dept. of Corrections - Taycheedah Correctional Institution"
2614,a36,"K23HAR","D","TCI Harris Hall","Corrections","Dept. of Corrections - Taycheedah Correctional Institution"
2615,a37,"K23DRM","D","TCI Dorm","Corrections","Dept. of Corrections - Taycheedah Correctional Institution"
2616,a38,"K23MC","D","TCI McCauley Unit","Corrections","Dept. of Corrections - Taycheedah Correctional Institution"
2617,a39,"K23RHU","D","TCI Restrictive Housing Unit","Corrections","Dept. of Corrections - Taycheedah Correctional Institution"
2618,a3a,"K23MSM","D","TCI Monarch Special Management Unit","Corrections","Dept. of Corrections - Taycheedah Correctional Institution"
2619,a3b,"K23AB","D","TCI Abrahamson Unit","Corrections","Dept. of Corrections - Taycheedah Correctional Institution"
2706,a92,"K21SEC","D","Waupun CI Security","Corrections","Dept. of Corrections - Waupun Facilities"
2707,a93,"K21MNT","D","Waupun CI Maintenance","Corrections","Dept. of Corrections - Waupun Facilities"
2708,a94,"K21PTR","D","Waupun CI Perimeter","Corrections","Dept. of Corrections - Waupun Facilities"
2709,a95,"K21NCH","D","Waupun CI NCH","Corrections","Dept. of Corrections - Waupun Facilities"
2710,a96,"K21NWCH","D","Waupun CI NWCH","Corrections","Dept. of Corrections - Waupun Facilities"
2711,a97,"K21SCH","D","Waupun CI SCH","Corrections","Dept. of Corrections - Waupun Facilities"
2712,a98,"K21SWCH","D","Waupun CI SWCH","Corrections","Dept. of Corrections - Waupun Facilities"
2713,a99,"K21IND","D","Waupun CI IND","Corrections","Dept. of Corrections - Waupun Facilities"
2714,a9a,"K21RHU","D","Waupun CI RHU","Corrections","Dept. of Corrections - Waupun Facilities"
2716,a9c,"K21WMH","D","Waupun CI Hospital","Corrections","Dept. of Corrections - Waupun Facilities"
2717,a9d,"K21EMR","D","Waupun CI EMR","Corrections","Dept. of Corrections - Waupun Facilities"
2718,a9e,"K21WCGP","D","Waupun CI WCGP","Corrections","Dept. of Corrections - Waupun Facilities"
2719,a9f,"K21FS","D","Waupun CI FS","Corrections","Dept. of Corrections - Waupun Facilities"
2720,aa0,"K21MNT1","D","Waupun CI MNT1","Corrections","Dept. of Corrections - Waupun Facilities"
2724,aa4,"K21BHU","D","Waupun CI BHU","Corrections","Dept. of Corrections - Waupun Facilities"
2725,aa5,"K21ATG","D","Waupun CI ATG","Corrections","Dept. of Corrections - Waupun Facilities"
2726,aa6,"K21ADM","D","Waupun CI Admin","Corrections","Dept. of Corrections - Waupun Facilities"
2799,aef,"K21TRAN","D","Waupun Correctional Transports","Corrections","Dept. of Corrections - Statewide"
2800,af0,"K21TRVL","D","Waupun Correctional Travel","Corrections","Dept. of Corrections - Statewide"
2806,af6,"WSPF SEC","D","Wisconsin Secure Program Facility Security","Corrections","Dept. of Corrections - Wisconsin Secure Program Facility"
2807,af7,"WSPF Maint","D","Wisconsin Secure Program Facility Maintenance","Corrections","Dept. of Corrections - Wisconsin Secure Program Facility"
2808,af8,"WSPF PRMTR","D","Wisconsin Secure Program Facility Perimeter","Corrections","Dept. of Corrections - Wisconsin Secure Program Facility"
2810,afa,"WSPF 10","D","Wisconsin Secure Program Facility OPS 10","Corrections","Dept. of Corrections - Wisconsin Secure Program Facility"
2813,afd,"WSPF 13","D","Wisconsin Secure Program Facility OPS 13","Corrections","Dept. of Corrections - Wisconsin Secure Program Facility"
2814,afe,"WSPF 14","D","Wisconsin Secure Program Facility OPS 14","Corrections","Dept. of Corrections - Wisconsin Secure Program Facility"
2817,b01,"WSPF 17","D","Wisconsin Secure Program Facility OPS 17","Corrections","Dept. of Corrections - Wisconsin Secure Program Facility"
2818,b02,"WSPF 18","D","Wisconsin Secure Program Facility OPS 18","Corrections","Dept. of Corrections - Wisconsin Secure Program Facility"
2899,b53,"WSPF TRVL","D","Wisconsin Secure Program Facility Travel","Corrections","Dept. of Corrections - Wisconsin Secure Program Facility"
3006,bbe,"K65SEC","D","Lincoln Hills School Security","Corrections","Dept. of Corrections - Lincoln Hills School"
3007,bbf,"K65MNT","D","Lincoln Hills School Maintenance","Corrections","Dept. of Corrections - Lincoln Hills School"
3011,bc3,"K65SPVR","D","Lincoln Hills School Emergency Channel","Corrections","Dept. of Corrections - Lincoln Hills School"
3012,bc4,"LHS OPS 12","D","Lincoln Hills School Operations 12","Corrections","Dept. of Corrections - Lincoln Hills School"
3013,bc5,"LHS OPS 13","D","Lincoln Hills School Operations 13","Corrections","Dept. of Corrections - Lincoln Hills School"
3014,bc6,"LHS OPS 14","D","Lincoln Hills School Operations 14","Corrections","Dept. of Corrections - Lincoln Hills School"
3015,bc7,"LHS OPS 15","D","Lincoln Hills School Operations 15","Corrections","Dept. of Corrections - Lincoln Hills School"
3016,bc8,"LHS OPS 16","D","Lincoln Hills School Operations 16","Corrections","Dept. of Corrections - Lincoln Hills School"
3017,bc9,"LHS OPS 17","D","Lincoln Hills School Operations 17","Corrections","Dept. of Corrections - Lincoln Hills School"
3018,bca,"LHS OPS 18","D","Lincoln Hills School Operations 18","Corrections","Dept. of Corrections - Lincoln Hills School"
3019,bcb,"LHS OPS 19","D","Lincoln Hills School Operations 19","Corrections","Dept. of Corrections - Lincoln Hills School"
3020,bcc,"LHS OPS 20","D","Lincoln Hills School Operations 20","Corrections","Dept. of Corrections - Lincoln Hills School"
3021,bcd,"LHS OPS 21","D","Lincoln Hills School Operations 21","Corrections","Dept. of Corrections - Lincoln Hills School"
3022,bce,"LHS OPS 22","D","Lincoln Hills School Operations 22","Corrections","Dept. of Corrections - Lincoln Hills School"
3023,bcf,"LHS OPS 23","D","Lincoln Hills School Operations 23","Corrections","Dept. of Corrections - Lincoln Hills School"
3024,bd0,"LHS OPS 24","D","Lincoln Hills School Operations 24","Corrections","Dept. of Corrections - Lincoln Hills School"
3026,bd2,"LHS OPS 26","D","Lincoln Hills School Operations 26","Corrections","Dept. of Corrections - Lincoln Hills School"
3027,bd3,"LHS OPS 27","D","Lincoln Hills School Operations 27","Corrections","Dept. of Corrections - Lincoln Hills School"
3028,bd4,"K65EMR","D","Lincoln Hills School Operations 28","Corrections","Dept. of Corrections - Lincoln Hills School"
3029,bd5,"LHS OPS 29","D","Lincoln Hills School Operations 29","Corrections","Dept. of Corrections - Lincoln Hills School"
3112,c28,"REECC 12","D","Robert E. Ellsworth Correctional Center OPS 12","Corrections","Dept. of Corrections - Robert E. Ellsworth Correctional Center"
3113,c29,"REECC 13","D","Robert E. Ellsworth Correctional Center OPS 13","Corrections","Dept. of Corrections - Robert E. Ellsworth Correctional Center"
3231,c9f,"K83SEC","D","Burke CI Security","Corrections","Dept. of Corrections - Waupun Facilities"
3232,ca0,"K83MNT","D","Burke CI Maintenance","Corrections","Dept. of Corrections - Waupun Facilities"
3235,ca3,"K83HSG","D","Burke CI Housing","Corrections","Dept. of Corrections - Waupun Facilities"
3270,cc6,"K86TRVL","D","Marshall Sherrer Correctional Transports","Corrections","Dept. of Corrections - Statewide"
3271,cc7,"K87TRVL","D","Milwaukee Women's Correctional Transports","Corrections","Dept. of Corrections - Statewide"
3330,d02,"K85TRVL","D","Thompson Correctional Center","Corrections","Dept. of Corrections - Statewide"
3999,f9f,"K02TRVL","D","Central Office Travel","Corrections","Dept. of Corrections - Statewide"
4001,fa1,"H76SPT","D","Winnebago Mental Health Institution SPT","Corrections","Dept. of Health Services - Winnebago Mental Health Institution"
4002,fa2,"H76MNT","D","Winnebago Mental Health Institution Maintenance","Corrections","Dept. of Health Services - Winnebago Mental Health Institution"
4007,fa7,"H76SEC","D","Winnebago Mental Health Institution Security","Corrections","Dept. of Health Services - Winnebago Mental Health Institution"
4018,fb2,"H77SEC","D","Winnebago Resource Center Security","Corrections","Dept. of Health Services - Winnebago Mental Health Institution"
4019,fb3,"H77HSG","D","Winnebago Resource Center Housing","Corrections","Dept. of Health Services - Winnebago Mental Health Institution"
4020,fb4,"H77MNT","D","Winnebago Resource Center Maintenance","Corrections","Dept. of Health Services - Winnebago Mental Health Institution"
4025,fb9,"H77SPVR","D","Winnebago Resource Center Supervisor","Corrections","Dept. of Health Services - Winnebago Mental Health Institution"
4027,fbb,"H77PTR","D","Winnebago Resource Center Perimeter","Corrections","Dept. of Health Services - Winnebago Mental Health Institution"
4056,fd8,"H72 Ops","D","Mendota Ops","Corrections","Dept. of Health Services - Mendota Mental Health Institute"
4058,fda,"H72SEC","D","Security","Corrections","Dept. of Health Services - Mendota Mental Health Institute"
4085,ff5,"H78SEC","D","Security","Corrections","Dept. of Corrections - Thompson Correctional Center"
4205,106d,"H74EMR","D","SRTC Emergency","Corrections","Dept. of Health Services - Sand Ridge Secure Treatment Center"
4206,106e,"H74SEC","D","SRTC Security","Corrections","Dept. of Health Services - Sand Ridge Secure Treatment Center"
4207,106f,"H74MNT","D","SRTC Maintenance","Corrections","Dept. of Health Services - Sand Ridge Secure Treatment Center"
4208,1070,"H74PTR","D","SRTC Perimeter","Corrections","Dept. of Health Services - Sand Ridge Secure Treatment Center"
4209,1071,"H74MNT 1","D","SRTC Maintenance 1","Corrections","Dept. of Health Services - Sand Ridge Secure Treatment Center"
4210,1072,"H74HUA","D","SRTC Housing Unit A","Corrections","Dept. of Health Services - Sand Ridge Secure Treatment Center"
4211,1073,"H74HUB","D","SRTC Housing Unit B","Corrections","Dept. of Health Services - Sand Ridge Secure Treatment Center"
4212,1074,"H74HUN","D","SRTC Housing Unit N","Corrections","Dept. of Health Services - Sand Ridge Secure Treatment Center"
4213,1075,"H74HUP","D","SRTC Housing Unit P","Corrections","Dept. of Health Services - Sand Ridge Secure Treatment Center"
4219,107b,"H74ATG","D","SRTC Announcement","Corrections","Dept. of Health Services - Sand Ridge Secure Treatment Center"
4223,107f,"H74 23","D","Operations 23","Corrections","Dept. of Health Services - Sand Ridge Secure Treatment Center"
4300,10cc,"H74TRVL","D","SRTC Travel","Corrections","Dept. of Health Services - Sand Ridge Secure Treatment Center"
4303,10cf,"K72MNT","D","Maintenance","Corrections","Dept. of Health Services - Mendota Mental Health Institute"
4601,11f9,"MOUNDVWH","D","Moundview Memorial Hospital & Clinics - Friendship","Hospital","Hospital/EMS Patient Report"
4602,11fa,"MEMASHLN","D","Memorial Medical Center - Ashland","Hospital","Hospital/EMS Patient Report"
4603,11fb,"CUMBERMH","D","Cumberland Memorial Hospital - Cumberland","Hospital","Hospital/EMS Patient Report"
4604,11fc,"LAKEVWMC","D","Lakeview Medical Center - Rice Lake","Hospital","Hospital/EMS Patient Report"
4605,11fd,"MAYONORT","D","Mayo Clinic Health System-Northland - Barron","Hospital","Hospital/EMS Patient Report"
4606,11fe,"AURORAGB","D","Aurora BayCare Medical Center - Green Bay","Hospital","Hospital/EMS Patient Report"
4607,11ff,"BELLNGB","D","Bellin Memorial Hospital - Green Bay","Hospital","Hospital/EMS Patient Report"
4608,1200,"BELLNPSY","D","Bellin Psychiatric Center - Green Bay","Hospital","Hospital/EMS Patient Report"
4609,1201,"STMRYGB","D","St Mary's Hospital Medical Center - Green Bay","Hospital","Hospital/EMS Patient Report"
4610,1202,"STVINCGB","D","St Vincent Hospital - Green Bay","Hospital","Hospital/EMS Patient Report"
4611,1203,"BURNETMC","D","Burnett Medical Center - Grantsburg","Hospital","Hospital/EMS Patient Report"
4612,1204,"CALUMED","D","Calumet Medical Center - Chilton","Hospital","Hospital/EMS Patient Report"
4613,1205,"MAYOCHPV","D","Mayo Clinic Health System Chippewa Valley - Bloomer","Hospital","Hospital/EMS Patient Report"
4614,1206,"MINIOLV","D","Ministry Our Lady of Victory Hospital - Stanley","Hospital","Hospital/EMS Patient Report"
4615,1207,"STJOCHIP","D","St Joeseph's Hospital - Chippewa Falls","Hospital","Hospital/EMS Patient Report"
4616,1208,"COLUMBCH","D","Columbus Community Hospital - Columbus","Hospital","Hospital/EMS Patient Report"
4617,1209,"DIVSAVHC","D","Divine Savior Healthcare - Portage","Hospital","Hospital/EMS Patient Report"
4618,120a,"CROSRVRSH","D","Crossing Rivers Health - Prairie du Chien","Hospital","Hospital/EMS Patient Report"
4619,120b,"MERITMAD","D","Meriter Hospital - Madison","Hospital","Hospital/EMS Patient Report"
4620,120c,"STMSUNP","D","St Mary's Emergency Department - Sun Prairie","Hospital","Hospital/EMS Patient Report"
4621,120d,"STMRYMAD","D","St Mary's Hospital Medical Center - Madison","Hospital","Hospital/EMS Patient Report"
4622,120e,"STOUGHN","D","Stoughton Hospital - Stoughton","Hospital","Hospital/EMS Patient Report"
4623,120f,"UWMAD","D","University of Wisconsin Hospital - Madison","Hospital","Hospital/EMS Patient Report"
4624,1210,"VAMEMMAD","D","William S Middleton Memorial VA Hospital - Madison","Hospital","Hospital/EMS Patient Report"
4625,1211,"UPHILLSH","D","Upland Hills Health - Dodgeville","Hospital","Hospital/EMS Patient Report"
4626,1212,"WATERRMC","D","Watertown Regional Medical Center - Watertown","Hospital","Hospital/EMS Patient Report"
4627,1213,"AGNEWAUP","D","Agnesian Health - Waupun","Hospital","Hospital/EMS Patient Report"
4628,1214,"MINIDOOR","D","Ministry Door County Medical Center - Sturgeon Bay","Hospital","Hospital/EMS Patient Report"
4629,1215,"STMSUPR","D","St Mary's Hospital of Superior - Superior","Hospital","Hospital/EMS Patient Report"
4630,1216,"MAYOREDC","D","Mayo Clinic Health System - Red Cedar - Menomonie","Hospital","Hospital/EMS Patient Report"
4631,1217,"MAYOEAUC","D","Mayo Clinic Health System - Eau Claire","Hospital","Hospital/EMS Patient Report"
4632,1218,"SACHRTEC","D","Sacred Heart Hospital - Eau Claire","Hospital","Hospital/EMS Patient Report"
4633,1219,"RIPONMC","D","Ripon Medical Center - Ripon","Hospital","Hospital/EMS Patient Report"
4634,121a,"STAGSFDL","D","St Agnes Hospital - Fond du Lac","Hospital","Hospital/EMS Patient Report"
4635,121b,"BOSCOAHC","D","Boscobel Area Health Care - Boscobel","Hospital","Hospital/EMS Patient Report"
4636,121c,"GRANTRHC","D","Grant Regional Health Center - Lancaster","Hospital","Hospital/EMS Patient Report"
4637,121d,"STHWSTHC","D","Southwest Health Center - Platteville","Hospital","Hospital/EMS Patient Report"
4638,121e,"MONROECL","D","Monroe Clinic - Monroe","Hospital","Hospital/EMS Patient Report"
4639,121f,"THEDABER","D","ThedaCare Medical Center - Berlin","Hospital","Hospital/EMS Patient Report"
4640,1220,"BVRDAMCH","D","Beaver Dam Community Hospital - Beaver Dam","Hospital","Hospital/EMS Patient Report"
4641,1221,"BLRVRMEM","D","Black River Memorial Hospital - Black River Falls","Hospital","Hospital/EMS Patient Report"
4642,1222,"FORTMEMH","D","Fort Memorial Hospital - Fort Atkinson","Hospital","Hospital/EMS Patient Report"
4643,1223,"MILBLFMC","D","Mile Bluff Medical Center - Mauston","Hospital","Hospital/EMS Patient Report"
4644,1224,"AURORKEN","D","Aurora Medical Center - Kenosha","Hospital","Hospital/EMS Patient Report"
4645,1225,"UNITHKEN","D","United Hospital System - Kenosha","Hospital","Hospital/EMS Patient Report"
4646,1226,"STCATHPP","D","St Catherine's Medical Center - Pleasant Prairie","Hospital","Hospital/EMS Patient Report"
4647,1227,"GUNDLACR","D","Gunderson Lutheran Medical Center - LaCrosse","Hospital","Hospital/EMS Patient Report"
4648,1228,"MAYOLACR","D","Mayo Clinic Health System Franciscan Healthcare - LaCrosse","Hospital","Hospital/EMS Patient Report"
4649,1229,"MEMHDAR","D","Memorial Hospital of Lafayette County - Darlington","Hospital","Hospital/EMS Patient Report"
4650,122a,"ASPIRLAN","D","Aspirus Langlade Hospital - Antigo","Hospital","Hospital/EMS Patient Report"
4651,122b,"MINIGSAM","D","Ministry Good Samaritan Health Center - Merrill","Hospital","Hospital/EMS Patient Report"
4652,122c,"SACHRTTM","D","Sacred Heart Hospital Tomahawk - Tomahawk","Hospital","Hospital/EMS Patient Report"
4653,122d,"AURORTWR","D","Aurora Medical Center Manitowoc County - Two Rivers","Hospital","Hospital/EMS Patient Report"
4654,122e,"HOLYFAMH","D","Holy Family Memorial - Manitowoc","Hospital","Hospital/EMS Patient Report"
4655,122f,"ASPIRWAU","D","Aspirus Wausau Hospital - Wausau","Hospital","Hospital/EMS Patient Report"
4656,1230,"MINISTCL","D","Ministry St Clare's - Weston","Hospital","Hospital/EMS Patient Report"
4657,1231,"BAYAREMC","D","Bay Area Medical Center - Marinette","Hospital","Hospital/EMS Patient Report"
4658,1232,"PARABASE","D","Milwaukee County Paramedic Base - Milwaukee","Hospital","Hospital/EMS Patient Report"
4659,1233,"AURORSIN","D","Aurora Sinai Medical Center - Milwaukee","Hospital","Hospital/EMS Patient Report"
4660,1234,"AURORSTL","D","Aurora St. Luke's Medical Center - Milwaukee","Hospital","Hospital/EMS Patient Report"
4661,1235,"AURORCUD","D","Aurora St Luke's South Shore Hospital - Cudahy","Hospital","Hospital/EMS Patient Report"
4662,1236,"AURORWA","D","Aurora West Allis Medical Center - West Allis","Hospital","Hospital/EMS Patient Report"
4663,1237,"CHILDMIL","D","Children's Hospital of Wisconsin - Milwaukee","Hospital","Hospital/EMS Patient Report"
4664,1238,"STMRYMIL","D","Columbia - St Mary - Milwaukee","Hospital","Hospital/EMS Patient Report"
4665,1239,"FROEDMIL","D","Froedtert Hospital - Milwaukee","Hospital","Hospital/EMS Patient Report"
4666,123a,"POSTAMED","D","Post Acute Medical - Greenfield","Hospital","Hospital/EMS Patient Report"
4667,123b,"WFWIHRTH","D","Wisconsin Heart Hospital - Wauwatosa","Hospital","Hospital/EMS Patient Report"
4668,123c,"WFSTJOEM","D","Wheaton Franciscan - St. Joseph - Milwaukee","Hospital","Hospital/EMS Patient Report"
4669,123d,"WFFRANK","D","Wheaton Franciscan Healthcare - Franklin","Hospital","Hospital/EMS Patient Report"
4670,123e,"WFSTFRAN","D","Wheaton Franciscan Healthcare - St. Francis - Milwaukee","Hospital","Hospital/EMS Patient Report"
4671,123f,"AURORPSY","D","Aurora Psychiatric Hospital - Wauwatosa","Hospital","Hospital/EMS Patient Report"
4672,1240,"MAYOSPAR","D","Mayo Clinic Health System Franciscan - Sparta","Hospital","Hospital/EMS Patient Report"
4673,1241,"TOMAHMEM","D","Tomah Memorial Hospital - Tomah","Hospital","Hospital/EMS Patient Report"
4674,1242,"TOMAHVA","D","Tomah Veterans Affairs Medical Center - Tomah","Hospital","Hospital/EMS Patient Report"
4675,1243,"STCLAROF","D","St Clare Hospital - Oconto Falls","Hospital","Hospital/EMS Patient Report"
4676,1244,"BELLNOCO","D","Bellin Health Oconto Hospital - Oconto","Hospital","Hospital/EMS Patient Report"
4677,1245,"HOWYNGMC","D","Howard Young Medical Center - Woodruff","Hospital","Hospital/EMS Patient Report"
4678,1246,"STMRHINE","D","St Mary's Hospital - Rhinelander","Hospital","Hospital/EMS Patient Report"
4679,1247,"THEDAAPP","D","Appleton Medical Center - Appleton","Hospital","Hospital/EMS Patient Report"
4680,1248,"STELIZAP","D","St. Elizabeth - Appleton","Hospital","Hospital/EMS Patient Report"
4681,1249,"AURORGRA","D","Aurora Medical Center - Grafton","Hospital","Hospital/EMS Patient Report"
4682,124a,"STMRYMEQ","D","Columbia - St Mary Ozaukee - Mequon","Hospital","Hospital/EMS Patient Report"
4683,124b,"CHIPPVLY","D","Chippewa Valley Hospital - Durand","Hospital","Hospital/EMS Patient Report"
4684,124c,"RVRFALSH","D","River Falls Area Hospital - River Falls","Hospital","Hospital/EMS Patient Report"
4685,124d,"AMERYRMC","D","Amery Regional Medical Center - Amery","Hospital","Hospital/EMS Patient Report"
4686,124e,"OSCEOMC","D","Osceola Medical Center - Osceola","Hospital","Hospital/EMS Patient Report"
4687,124f,"STCROIXF","D","St Croix Regional Medical Center - St Croix Falls","Hospital","Hospital/EMS Patient Report"
4688,1250,"MINISTMI","D","Ministry St Michael Hospital - Stevens Point","Hospital","Hospital/EMS Patient Report"
4689,1251,"FLAMBHPF","D","Flambeau Hospital - Park Falls","Hospital","Hospital/EMS Patient Report"
4690,1252,"AURORBUR","D","Aurora Memorial Hospital - Burlington","Hospital","Hospital/EMS Patient Report"
4691,1253,"WFALLST","D","Wheaton Franciscan - All Saints - Racine","Hospital","Hospital/EMS Patient Report"
4692,1254,"WFALLSP","D","Wheaton Franciscan - All Saints Spring St - Racine","Hospital","Hospital/EMS Patient Report"
4693,1255,"RICHHOSP","D","The Richland Hospital - Richland Center","Hospital","Hospital/EMS Patient Report"
4694,1256,"BLOITMEM","D","Beloit Memorial Hospital - Beloit","Hospital","Hospital/EMS Patient Report"
4695,1257,"EDGERHS","D","Edgerton Hospital & Health Services - Edgerton","Hospital","Hospital/EMS Patient Report"
4696,1258,"MERCYJAN","D","Mercy Hospital and Trauma Center - Janesville","Hospital","Hospital/EMS Patient Report"
4697,1259,"MERCYNOR","D","Mercy Hospital and Trauna Center North - Janesville","Hospital","Hospital/EMS Patient Report"
4698,125a,"STMJANES","D","St Mary's Janesville Hospital - Janesville","Hospital","Hospital/EMS Patient Report"
4699,125b,"RUSKMEMH","D","Rusk County Memorial Hospital - Ladysmith","Hospital","Hospital/EMS Patient Report"
4700,125c,"BLDWINMC","D","Baldwin Area Medical Center - Baldwin","Hospital","Hospital/EMS Patient Report"
4701,125d,"HUDSONHC","D","Hudson Hospitals & Clinics - Hudson","Hospital","Hospital/EMS Patient Report"
4702,125e,"WESTFIEH","D","Westfields Hospital - New Richmond","Hospital","Hospital/EMS Patient Report"
4703,125f,"REEDSAMC","D","Reedsburg Area Medical Center - Reedsburg","Hospital","Hospital/EMS Patient Report"
4704,1260,"SAUKPRMH","D","Sauk Prairie Memorial Hospital - Prairie du Sac","Hospital","Hospital/EMS Patient Report"
4705,1261,"STCLARBA","D","St Clare Hospital - Baraboo","Hospital","Hospital/EMS Patient Report"
4706,1262,"HAYWAMH","D","Hayward Area Medical Center - Hayward","Hospital","Hospital/EMS Patient Report"
4707,1263,"THEDASHA","D","ThedaCare Medical Center - Shawano","Hospital","Hospital/EMS Patient Report"
4708,1264,"STOCKMUN","D","Stockbridge-Munsee Health & Wellness Center - Bowler","Hospital","Hospital/EMS Patient Report"
4709,1265,"AURORSHE","D","Aurora Sheboygan Memorial Medical Center - Sheboygan","Hospital","Hospital/EMS Patient Report"
4710,1266,"STNICSHE","D","St Nicholas Hospital - Sheboygan","Hospital","Hospital/EMS Patient Report"
4711,1267,"ASPIRMED","D","Aspirus Medford Hospital - Medford","Hospital","Hospital/EMS Patient Report"
4712,1268,"GUNDWHIT","D","Gunderson Tri County Hospital - Whitehall","Hospital","Hospital/EMS Patient Report"
4713,1269,"GUNDHILL","D","Gunderson St Joseph's Hospital - Hillsboro","Hospital","Hospital/EMS Patient Report"
4714,126a,"VERNMEMH","D","Vernon Memorial Healthcare - Viroqua","Hospital","Hospital/EMS Patient Report"
4715,126b,"MINIERVR","D","Ministry-Eagle River Memorial Hospital - Eagle River","Hospital","Hospital/EMS Patient Report"
4716,126c,"AURORELK","D","Aurora Lakeland Medical Center - Elkhorn","Hospital","Hospital/EMS Patient Report"
4717,126d,"MERCYWAL","D","Mercy Walworth Hospital & Medical Center - Lake Geneva","Hospital","Hospital/EMS Patient Report"
4718,126e,"INDHDMED","D","Indianhead Medical Center - Shell Lake","Hospital","Hospital/EMS Patient Report"
4719,126f,"SPOONRHS","D","Spooner Health System - Spooner","Hospital","Hospital/EMS Patient Report"
4720,1270,"AURORHRT","D","Aurora Medical Center - Hartford","Hospital","Hospital/EMS Patient Report"
4721,1271,"STJOEHWB","D","Froedtert Health St. Joseph's Hospital - West Bend","Hospital","Hospital/EMS Patient Report"
4722,1272,"AURORSUM","D","Aurora Medical Center Summit - Oconomowoc","Hospital","Hospital/EMS Patient Report"
4723,1273,"COMMHMFL","D","Community Memorial Hospital - Menomonee Falls","Hospital","Hospital/EMS Patient Report"
4724,1274,"WFELMBRK","D","Wheaton Franciscan Healthcare/Elmbrook Memorial Hospital - Brookfield","Hospital","Hospital/EMS Patient Report"
4725,1275,"OCONOMMH","D","Oconomowoc Memorial Hospital - Oconomowoc","Hospital","Hospital/EMS Patient Report"
4726,1276,"REHABHWI","D","Rehabilitation Hospital of Wisconsin - Waukesha","Hospital","Hospital/EMS Patient Report"
4727,1277,"WAUKEMEM","D","Waukesha Memorial Hospital - Waukesha","Hospital","Hospital/EMS Patient Report"
4728,1278,"THEDAWAU","D","ThedaCare Medical Center - Waupaca","Hospital","Hospital/EMS Patient Report"
4729,1279,"THEDANL","D","ThedaCare Medical Center - New London","Hospital","Hospital/EMS Patient Report"
4730,127a,"THEDAWR","D","ThedaCare Medical Center - Wild Rose","Hospital","Hospital/EMS Patient Report"
4731,127b,"AUROROSH","D","Aurora Medical Center - Oshkosh","Hospital","Hospital/EMS Patient Report"
4732,127c,"CHILDFOX","D","Children's Hospital of Wisconsin-Fox Valley - Neenah","Hospital","Hospital/EMS Patient Report"
4733,127d,"MERCYOSH","D","Mercy Medical Center - Oshkosh","Hospital","Hospital/EMS Patient Report"
4734,127e,"THEDANEE","D","Theda Clark Medical Center - Neenah","Hospital","Hospital/EMS Patient Report"
4735,127f,"MINISTJO","D","Ministry St Joseph's Hospital - Marshfield","Hospital","Hospital/EMS Patient Report"
4736,1280,"ASPIRRIV","D","Aspirus Riverview Hospital - Wisconsin Rapids","Hospital","Hospital/EMS Patient Report"
4737,1281,"MAYOOAK","D","Mayo Clinic Health System Oakridge - Osseo","Hospital","Hospital/EMS Patient Report"
4738,1282,"MEMNEILS","D","Memorial Medical Center - Neillsville","Hospital","Hospital/EMS Patient Report"
4739,1283,"PROHMUK","D","ProHealth - Mukwonago","Hospital","Hospital/EMS Patient Report"
4740,1284,"UWAMCNTR","D","UW Health at the American Center - Madison","Hospital","Hospital/EMS Patient Report"
4741,1285,"ESSENDUL","D","Essentia St Mary's - Duluth","Hospital","Hospital/EMS Patient Report"
4742,1286,"OAKLSURG","D","Oak Leaf Surgical - Eau Claire","Hospital","Hospital/EMS Patient Report"
4743,1287,"MOORREHC","D","Moorland Reserve Health Center - New Berlin","Hospital","Hospital/EMS Patient Report"
4744,1288,"STLHCDUL","D","St Luke's Health Center - Duluth","Hospital","Hospital/EMS Patient Report"
4745,1289,"ZABVAMIL","D","Clement J Zablocki VA Medical Center - Milwaukee","Hospital","Hospital/EMS Patient Report"
4746,128a,"MRCYREAS","D","Mercy East - Rockford","Hospital","Hospital/EMS Patient Report"
4747,128b,"MRCYRWES","D","Mercy West - Rockford","Hospital","Hospital/EMS Patient Report"
4748,128c,"MARSHEAU","D","Marshfield Clinic - Eau Claire","Hospital","Hospital/EMS Patient Report"
4951,1357,"HSEMS1","D","EMS 1 - Air Coordination","EMS-Tac","Dept. of Health Services - EMS/Hospital"
4952,1358,"HSEMS2","D","EMS 2 - Landing Zone Coordination","EMS-Tac","Dept. of Health Services - EMS/Hospital"
4953,1359,"HSEMS3","D","EMS 3 - Ground Coordination","EMS-Tac","Dept. of Health Services - EMS/Hospital"
4954,135a,"HSEMS4","D","EMS 4 - Ground Operations","EMS-Tac","Dept. of Health Services - EMS/Hospital"
4955,135b,"HSEMS5","D","EMS 5 - Alternate","EMS-Tac","Dept. of Health Services - EMS/Hospital"
4961,1361,"HSCRD1","D","Statewide Hospital Coordination 1","Hospital","Dept. of Health Services - EMS/Hospital"
4962,1362,"HSCRD2","D","Statewide Hospital Coordination 2","Hospital","Dept. of Health Services - EMS/Hospital"
4963,1363,"HSCRD3","D","Statewide Hospital Coordination 3","Hospital","Dept. of Health Services - EMS/Hospital"
4964,1364,"HSCRD4","D","Statewide Hospital Coordination 4","Hospital","Dept. of Health Services - EMS/Hospital"
4971,136b,"HRCRD1","De","Hospital Coordination Region 1","Hospital","Dept. of Health Services - EMS/Hospital"
4972,136c,"HRCRD2","De","Hospital Coordination Region 2","Hospital","Dept. of Health Services - EMS/Hospital"
4973,136d,"HRCRD3","De","Hospital Coordination Region 3","Hospital","Dept. of Health Services - EMS/Hospital"
4974,136e,"HRCRD4","De","Hospital Coordination Region 4","Hospital","Dept. of Health Services - EMS/Hospital"
4975,136f,"HRCRD5","De","Hospital Coordination Region 5","Hospital","Dept. of Health Services - EMS/Hospital"
4976,1370,"HRCRD6","De","Hospital Coordination Region 6","Hospital","Dept. of Health Services - EMS/Hospital"
4977,1371,"HRCRD7","De","Hospital Coordination Region 7","Hospital","Dept. of Health Services - EMS/Hospital"
4991,137f,"DHSADM","D","DHS Admin","EMS-Talk","Dept. of Health Services - EMS/Hospital"
5001,1389,"UWMWPD1","D","UW Milwaukee PD 1","Law Dispatch","University of Wisconsin"
5002,138a,"UWMWPD2","D","UW Milwaukee PD 2","Law Talk","University of Wisconsin"
5004,138c,"UWSUPD1","D","UW Superior PD 1","Law Talk","University of Wisconsin"
5101,13ed,"UWMAPD1","D","UW Madison PD 1","Law Talk","University of Wisconsin"
5102,13ee,"UWMAPD2","D","UW Madison PD 2","Law Talk","University of Wisconsin"
7401,1ce9,"GLIFWCE","D","GLIFWC East","Law Talk","Great Lakes Indian Fish  Wildlife Commission"
7402,1cea,"GLIFWCW","D","GLIFWC West","Law Talk","Great Lakes Indian Fish  Wildlife Commission"
7403,1ceb,"GLIFWCTAC","D","GLIFWC Tac","Law Tac","Great Lakes Indian Fish  Wildlife Commission"
7404,1cec,"GLIFWCSTW","D","GLIFWC Statewide","Law Tac","Great Lakes Indian Fish  Wildlife Commission"
7411,1cf3,"LDFTRANS1","D","Lac du Flambeau Tribal Transit 1","Transportation","Vilas County"
7412,1cf4,"LDFTRANS2","D","Lac du Flambeau Tribal Transit 2","Transportation","Vilas County"
8001,1f41,"FFLCOM","D","Flight For Life","EMS Dispatch","Medevac"
8006,1f46,"LNCOM1","D","LifeNet 1","EMS Dispatch","Medevac"
8007,1f47,"LNCOM2","D","LifeNet 2","EMS-Talk","Medevac"
8011,1f4b,"AHSWAU","D","Aspirus MedEvac - Wausau","EMS-Talk","Medevac"
8014,1f4e,"AHSOPS","D","Aspirus MedEvac Operations 1","EMS-Talk","Medevac"
8015,1f4f,"AHSOPS2","D","Aspirus MedEvac Operations 2","EMS Dispatch","Medevac"
8017,1f51,"LIFELINKOPS","D","Life Link III Operations - Statewide","EMS-Talk","Medevac"
8018,1f52,"LIFELINKCOM","D","Life Link III Dispatch - Rice Lake","EMS Dispatch","Medevac"
8019,1f53,"LIFELINK MARSH","D","Life Link III - Marshfield","EMS Dispatch","Medevac"
8020,1f54,"LIFELINK RHINE","D","Life Link III - Rhinelander","EMS Dispatch","Medevac"
8021,1f55,"NMAC","D","North Memorial Air Care Wis Flight - Siren","EMS Dispatch","Medevac"
8032,1f60,"MEDLINKCOM","D","MedLink Dispatch - La Crosse","EMS Dispatch","Medevac"
8044,1f6c,"UWMEDCOM","D","UW Medflight - Madison","EMS Dispatch","Medevac"
8050,1f72,"THEDASTAR","D","Thedastar - Neenah","EMS Dispatch","Medevac"
8060,1f7c,"SPIRITCOM","D","Spirit Medical Transport - Weston","EMS Dispatch","Medevac"
8071,1f87,"SAMCOM","D","Superior Air Med","EMS Dispatch","Medevac"
8072,1f88,"SAMOPS","D","Superior Air Med Operations","EMS-Talk","Medevac"
8111,1faf,"CPKCRRPD","D","CPKC Railway Police","Law Dispatch","CPKC Railway"
8301,206d,"DCITAC1","D","DCI Tac 1","Law Tac","Dept. of Justice"
8302,206e,"DCITAC2","D","DCI Tac 2","Law Tac","Dept. of Justice"
8303,206f,"DCISURV","D","DCI Surveillance","Law Tac","Dept. of Justice"
8304,2070,"DCIEVENT","D","DCI Event","Law Tac","Dept. of Justice"
8305,2071,"DCIMAD","D","DCI Madison","Law Tac","Dept. of Justice"
8306,2072,"DCIMKE","D","DCI Milwaukee","Law Tac","Dept. of Justice"
8307,2073,"DCIAPL","D","DCI Appleton","Law Tac","Dept. of Justice"
8308,2074,"DCIWAU","D","DCI Wausau","Law Tac","Dept. of Justice"
8309,2075,"DCIEAU","D","DCI Eau Claire","Law Tac","Dept. of Justice"
8310,2076,"DCISUP","D","DCI Superior","Law Tac","Dept. of Justice"
8319,207f,"DCI OPS 9","DE","DCI Operations 9","Law Tac","Dept. of Justice"
8400,20d0,"WEMATG","D","WI Emergency Management Announcement","Emergency Ops","Dept. of Military Affairs - Emergency Management"
8401,20d1,"WEMCMD","D","WI Emergency Management Command Net","Emergency Ops","Dept. of Military Affairs - Emergency Management"
8402,20d2,"WEMSTWD","D","WI Emergency Management Statewide","Emergency Ops","Dept. of Military Affairs - Emergency Management"
8403,20d3,"WEMTAC1","D","WI Emergency Management TAC 1","Multi-Tac","Dept. of Military Affairs - Emergency Management"
8404,20d4,"WEMTAC2","D","WI Emergency Management TAC 2","Multi-Tac","Dept. of Military Affairs - Emergency Management"
8405,20d5,"WEMTAC3","D","WI Emergency Management TAC 3","Multi-Tac","Dept. of Military Affairs - Emergency Management"
8411,20db,"WEMSW","D","WI Emergency Management South-West Region","Emergency Ops","Dept. of Military Affairs - Emergency Management"
8412,20dc,"WEMSE","D","WI Emergency Management South-East Region","Emergency Ops","Dept. of Military Affairs - Emergency Management"
8413,20dd,"WEMEC","D","WI Emergency Management East-Central Region","Emergency Ops","Dept. of Military Affairs - Emergency Management"
8414,20de,"WEMNE","D","WI Emergency Management North-East Region","Emergency Ops","Dept. of Military Affairs - Emergency Management"
8415,20df,"WEMWC","D","WI Emergency Management West-Central Region","Emergency Ops","Dept. of Military Affairs - Emergency Management"
8416,20e0,"WEMNW","D","WI Emergency Management North-West Region","Emergency Ops","Dept. of Military Affairs - Emergency Management"
8451,2103,"DMAJOCCMD","D","DMA JOC Command","Military","Dept. of Military Affairs"
8452,2104,"DMAJOCOPS1","D","DMA JOC OPS1 ","Military","Dept. of Military Affairs"
8453,2105,"DMAJOCOPS2","D","DMA JOC OPS2","Military","Dept. of Military Affairs"
8454,2106,"DMAJOCLOG ","D","DMA JOC Logistics ","Military","Dept. of Military Affairs"
8455,2107,"DMA OPS 55","D","DMA OPS 55","Military","Dept. of Military Affairs"
8459,210b,"DMA OPS 59","D","DMA OPS 59","Military","Dept. of Military Affairs"
8460,210c,"DMA OPS 60","D","DMA OPS 60","Military","Dept. of Military Affairs"
8461,210d,"DMA OPS 61","D","DMA OPS 61","Military","Dept. of Military Affairs"
8466,2112,"DMA OPS 66","D","DMA OPS 66","Military","Dept. of Military Affairs"
8471,2117,"DMA OPS 71","D","DMA OPS 71","Military","Dept. of Military Affairs"
8475,211b,"DMA OPS 75","D","DMA OPS 75","Military","Dept. of Military Affairs"
8476,211c,"DMA OPS 76","D","DMA OPS 76","Military","Dept. of Military Affairs"
8477,211d,"DMA OPS 77","D","DMA OPS 77","Military","Dept. of Military Affairs"
8479,211f,"DMA OPS 79","D","DMA OPS 79","Military","Dept. of Military Affairs"
8480,2120,"DMANGRFOP1","D","DMA ANG RF OP1","Military","Dept. of Military Affairs"
8495,212f,"DMA ANG AIR","D","DMA ANG Air Ops","Military","Dept. of Military Affairs"
8496,2130,"DMAASF1A-A","D","DMA ASF1 Air to Air","Military","Dept. of Military Affairs"
8497,2131,"DMA ANG AIR","D","DMA ANG Air Ops","Military","Dept. of Military Affairs"
8498,2132,"DMAANGAIRCMD","D","DMA ANG Air Command","Military","Dept. of Military Affairs"
8499,2133,"DMAASF2A-A","D","DMA ASF2 Air to Air","Military","Dept. of Military Affairs"
8501,2135,"DOACPD","D","Capitol Police","Law Dispatch","Department of Administration: Capitol Police"
8502,2136,"DOACPDTAC","D","Capitol Police Tac","Law Tac","Department of Administration: Capitol Police"
8503,2137,"DOACPDADMN","D","Capital Police Admin","Law Tac","Department of Administration: Capitol Police"
8991,231f,"Trail Ambassador","D","Trail Ambassadors","Other","NOHVIS"
9003,232b,"FED 9003","DE","Federal 9003","Federal","Federal"
9011,2333,"DEA","DE","Drug Enforcement Administration","Federal","Federal"
9013,2335,"DEAMAD","DE","Drug Enforcement Administration - Madison","Federal","Federal"
9015,2337,"DEAMKE","DE","Drug Enforcement Administration - Milwaukee","Federal","Federal"
9031,2347,"FED 9031","DE","Federal 9031","Federal","Federal"
9033,2349,"FED 9033","DE","Federal 9033","Federal","Federal"
9038,234e,"FED 9038","DE","Federal 9038","Federal","Federal"
9060,2364,"FED 9060","DE","Federal 9060","Federal","Federal"
9191,23e7,"FSWILAW","D","US Forest Service Law Enforcement","Federal","Federal"
9411,24c3,"NPSSCNSR1","DE","Saint Croix National Scenic Riverway - Dispatch","Federal","Federal"
9413,24c5,"NPSSCNSR3","D","Saint Croix National Scenic Riverway - Talk","Federal","Federal"
9414,24c6,"NPSAPISDISP","D","Apostle Islands National Lakeshore - Dispatch","Federal","Federal"
9416,24c8,"NPSAPISCOM","D","Apostle Island National Lakeshore - Talk","Federal","Federal"
10010,271a,"CLSCAN","D","Clark County Scan","Interop","Clark County"
10011,271b,"CLCOM","D","Clark County Common","Multi-Talk","Clark County"
10012,271c,"CLTRVL","D","Clark County Travel","Multi-Talk","County Travel"
11001,2af9,"COLAW1","D","Columbia County Law","Law Talk","Columbia County"
11010,2b02,"COSCAN","D","Columbia County Scan","Interop","Columbia County"
11011,2b03,"COCOM","D","Columbia County Common","Multi-Talk","Columbia County"
11012,2b04,"COTRVL","D","Columbia County Travel","Multi-Talk","County Travel"
12010,2eea,"CRSCAN","D","Crawford County Scan","Interop","Crawford County"
12011,2eeb,"CRCOM","D","Crawford County Common","Multi-Talk","Crawford County"
12012,2eec,"CRTRVL","D","Crawford County Travel","Multi-Talk","County Travel"
13001,32c9,"DALAW1","D","Dane County Law 1","Law Dispatch","Dane County"
13003,32cb,"DALAW3","D","Dane County Law 3","Law Dispatch","Dane County"
13010,32d2,"DASCAN","D","Dane County Scan","Interop","Dane County"
13011,32d3,"DACOM","D","Dane County Common","Multi-Talk","Dane County"
13012,32d4,"DATRVL","D","Dane County Travel","Multi-Talk","County Travel"
13014,32d6,"DALTAC14","D","Dane Law Tac 14","Law Tac","Dane County"
13022,32de,"DAFBTRVL","D","Fitchburg Travel","Multi-Tac","Dane County"
13106,3332,"DAFREMS","D","FitchRona EMS","EMS-Talk","Dane County"
13107,3333,"DAFBPD","D","Fitchburg FD","Fire-Talk","Dane County"
13121,3341,"DAMIPD","D","Middleton PD","Law Talk","Dane County"
13126,3346,"DAMIEMS","D","Middleton EMS","EMS-Talk","Dane County"
13127,3347,"DAMIFD","D","Middleton Fire","Fire-Talk","Dane County"
13136,3350,"DAMIDPW","D","Middleton DPW","Public Works","Dane County"
13141,3355,"DAMOPD","D","Monona PD","Law Talk","Dane County"
13161,3369,"DASTPD","D","Stoughton PD","Law Talk","Dane County"
13254,33c6,"DABRLG","D","Brooklyn PD","Law Talk","Dane County"
13271,33d7,"DACPPD","D","Cross Plains PD","Law Talk","Dane County"
13274,33da,"DACPEM","D","Cross Plains Emergency Management","Emergency Ops","Dane County"
13276,33dc,"DACPEMS","D","Cross Plains EMS","EMS-Talk","Dane County"
13277,33dd,"DACPFD","D","Cross Plains FD","Law Talk","Dane County"
13301,33f5,"DADFPD","D","DeForest PD","Law Talk","Dane County"
13317,3405,"DAMBFD","D","Maple Bluff FD","Fire-Talk","Dane County"
13321,3409,"DAMRPD","D","Marshall PD","Law Talk","Dane County"
13326,340e,"DAMREMS","D","Marshall EMS","EMS-Talk","Dane County"
13337,3419,"DAMZFD","D","Mazomanie FD","Fire-Talk","Dane County"
13341,341d,"DAMCPD","D","McFarland PD","Law Talk","Dane County"
13367,3437,"DAORFD","D","Oregon FD","Fire-Talk","Dane County"
13387,344b,"DASHFD","D","Shorewood Hills FD","Fire-Talk","Dane County"
13441,3481,"DACTPD","D","Cottage Grove PD","Law Talk","Dane County"
13444,3484,"DADGEMS","D","Deer Grove EMS","EMS-Talk","Dane County"
13471,349f,"DATMPD","D","Town of Madison PD","Law Talk","Dane County"
13607,3527,"DAMAFD","D","Madison FD","Fire-Talk","Dane County"
13801,35e9,"DARYBROS","D","Ryan Brothers EMS","EMS-Talk","Dane County"
14001,36b1,"DOSO1","D","Dodge County SO","Law Talk","Dodge County"
14010,36ba,"DOSCAN","D","Dodge County Scan","Interop","Dodge County"
14011,36bb,"DOCOM","D","Dodge County Common","Multi-Talk","Dodge County"
14012,36bc,"DOTRVL","D","Dodge County Travel","Multi-Talk","County Travel"
14014,36be,"DOEM","D","Dodge County Emergency Management","Emergency Ops","Dodge County"
14491,389b,"DCERT","D","Dodge County Emergency Response Team","Emergency Ops","Dodge County"
15010,3aa2,"DRSCAN","D","Door County Scan","Interop","Door County"
15011,3aa3,"DRCOM","D","Door County Common","Multi-Talk","Door County"
15012,3aa4,"DRTRVL","D","Door County Travel","Multi-Talk","County Travel"
16000,3e80,"DGATG","D","Douglas County All Call","Law Dispatch","Douglas County"
16001,3e81,"DGLAW1","D","Douglas County Law 1","Law Dispatch","Douglas County"
16002,3e82,"DGLAW2","D","Douglas County Law 2","Law Talk","Douglas County"
16005,3e85,"DGPAGE","D","Douglas County Paging","Fire Dispatch","Douglas County"
16006,3e86,"DGEMS","D","Douglas County EMS","EMS-Talk","Douglas County"
16007,3e87,"DGFIRE1","D","Douglas County Fire 1","Fire Dispatch","Douglas County"
16008,3e88,"DGFIRE2","D","Douglas County Fire 2","Fire-Talk","Douglas County"
16009,3e89,"DGEVENT","D","Douglas County  Events","Multi-Talk","Douglas County"
16011,3e8b,"DGCOM","D","Douglas County Common","Multi-Talk","Douglas County"
16012,3e8c,"DGTRVL","D","Douglas County Travel","Multi-Talk","County Travel"
16014,3e8e,"DGEM","D","Douglas County Emergency Management","Emergency Ops","Douglas County"
16015,3e8f,"DGFOREST","D","Douglas County Forestry","Public Works","Douglas County"
16016,3e90,"DGHWY1","D","Douglas County Highway 1","Public Works","Douglas County"
16017,3e91,"DGHWY2","D","Douglas County Highway 2","Public Works","Douglas County"
16026,3e9a,"DGMYEMS","D","Mayo Clinic Ambulance Service","EMS-Talk","Douglas County"
16100,3ee4,"DGSUATG","D","Superior All Call","Law Dispatch","Douglas County"
16101,3ee5,"DGSUPD1","DE","Superior Police 1","Law Dispatch","Douglas County"
16102,3ee6,"DGSUPD2","D","Superior Police 2","Law Talk","Douglas County"
16107,3eeb,"DGSUFD1","D","Superior Fire 1","Fire Dispatch","Douglas County"
16108,3eec,"DGSUFD2","D","Superior Fire 2","Fire-Talk","Douglas County"
16311,3fb7,"DGBRLG","D","Brule Local Government","Multi-Talk","Douglas County"
17001,4269,"DULAW1","D","Dunn County Law 1 (patched to 155.595)","Law Dispatch","Dunn County"
17002,426a,"DULAW2","D","Dunn County Law 2","Law Talk","Dunn County"
17007,426f,"DUFIRE1","D","Dunn County Fire 1","Fire Dispatch","Dunn County"
17008,4270,"DUFIRE2","D","Dunn County Fire 2","Fire-Talk","Dunn County"
17010,4272,"DUSCAN","D","Dunn County Scan","Interop","Dunn County"
17011,4273,"DUCOM","D","Dunn County Common","Interop","Dunn County"
17012,4274,"DUTRVL","D","Dunn County Travel","Multi-Talk","County Travel"
18010,465a,"ECSCAN","D","Eau Claire County Scan","Interop","Eau Claire County"
18011,465b,"ECCOM","D","Eau Claire County Common","Multi-Talk","Eau Claire County"
18012,465c,"ECTRVL","D","Eau Claire County Travel","Multi-Talk","County Travel"
18026,466a,"ECGCEMS1","D","Mayo Clinic Ambulance 1 (patched ARMER 21619)","EMS Dispatch","Medevac"
18027,466b,"ECGCEMS2","D","Mayo Clinic Ambulance 2","EMS Dispatch","Medevac"
19001,4a39,"FLLAW1","D","Florence County SO","Law Talk","Florence County"
19010,4a42,"FLSCAN","D","Florence County Scan","Interop","Florence County"
19011,4a43,"FLCOM","D","Florence County Common","Multi-Talk","Florence County"
19012,4a44,"FLTRVL","D","Florence County Travel","Multi-Talk","County Travel"
20001,4e21,"FDLAW1","D","Fond du Lac County Law","Law Dispatch","Fond du Lac County"
20010,4e2a,"FDSCAN","D","Fond du Lac County Scan","Interop","Fond du Lac County"
20011,4e2b,"FDCOM","D","Fond du Lac County Common","Multi-Talk","Fond du Lac County"
20012,4e2c,"FDTRVL","D","Fond du Lac County Travel","Multi-Talk","County Travel"
20101,4e85,"FDLPD1","De","Fond du Lac Police 1 / North FDLPD Dispatch","Law Dispatch","Fond du Lac County"
20102,4e86,"FDLPD2","D","Fond du Lac Police 2","Law Talk","Fond du Lac County"
20103,4e87,"FDLPD3","D","Fond du Lac Police 3","Law Talk","Fond du Lac County"
20107,4e8b,"FDLFD1","D","Fond du Lac Fire 1","Fire Dispatch","Fond du Lac County"
20108,4e8c,"FDLFD2","D","Fond du Lac Fire 2","Fire-Talk","Fond du Lac County"
20118,4e96,"FDLTRAN","D","Fond du Lac Transit","Transportation","Fond du Lac County"
21010,5212,"FOSCAN","D","Forest County Scan","Interop","Forest County"
21011,5213,"FOCOM","D","Forest County Common","Multi-Talk","Forest County"
21012,5214,"FOTRVL","D","Forest County Travel","Multi-Talk","County Travel"
21501,53fd,"ADLAW1","D","Adams County SO","Law Talk","Adams County"
21510,5406,"ADSCAN","D","Adams County Scan","Interop","Adams County"
21511,5407,"ADCOM","D","Adams County Common","Multi-Talk","Adams County"
21512,5408,"ADTRVL","D","Adams County Travel","Multi-Talk","County Travel"
21514,540a,"ADEM","D","Adams County Emergency Management","Emergency Ops","Adams County"
22010,55fa,"GTSCAN","D","Grant County Scan","Interop","Grant County"
22011,55fb,"GTCOM","D","Grant County Common","Multi-Talk","Grant County"
22012,55fc,"GTTRVL","D","Grant County Travel","Multi-Talk","County Travel"
22510,57ee,"ALSCAN","D","Ashland County Scan","Interop","Ashland County"
22511,57ef,"ALCOM","D","Ashland  County Common","Multi-Talk","Ashland County"
22512,57f0,"ALTRVL","D","Ashland County Travel","Multi-Talk","County Travel"
23010,59e2,"GRSCAN","D","Green County Scan","Interop","Green County"
23011,59e3,"GRCOM","D","Green County Common","Multi-Talk","Green County"
23012,59e4,"GRTRVL","D","Green County Travel","Multi-Talk","County Travel"
23501,5bcd,"BNLAW1","D","Barron County SO","Law Talk","Barron County"
23510,5bd6,"BNSCAN","D","Barron County Scan","Interop","Barron County"
23511,5bd7,"BNCOM","D","Barron County Common","Multi-Talk","Barron County"
23512,5bd8,"BNTRVL","D","Barron County Travel","Multi-Talk","County Travel"
23514,5bda,"BNEM","D","Barron County Emergency Management","Emergency Ops","Barron County"
23526,5be6,"BNMYEMS","D","Mayo Ambulance - Barron","EMS Dispatch","Barron County"
23826,5d12,"BNTLPD","D","Turtle Lake PD","Law Talk","Barron County"
24010,5dca,"GLSCAN","D","Green Lake County Scan","Interop","Green Lake County"
24011,5dcb,"GLCOM","D","Green Lake County Common","Multi-Talk","Green Lake County"
24012,5dcc,"GLTRVL","D","Green Lake County Travel","Multi-Talk","County Travel"
24501,5fb5,"BALAW1","D","Bayfield County Law 1","Law Dispatch","Bayfield County"
24502,5fb6,"BALAW2","D","Bayfield County Law 2","Law Talk","Bayfield County"
24503,5fb7,"BALAW3","D","Bayfield County Law 3","Law Talk","Bayfield County"
24505,5fb9,"BAPAGE","D","Bayfield County Page","Fire Dispatch","Bayfield County"
24506,5fba,"BAEMS","D","Bayfield County EMS","EMS-Talk","Bayfield County"
24507,5fbb,"BAFIRE1","D","Bayfield County Fire 1","Fire Dispatch","Bayfield County"
24508,5fbc,"BAFIRE2","D","Bayfield County Fire 2","Fire-Talk","Bayfield County"
24509,5fbd,"BAEVENT","D","Bayfield County Event","Multi-Talk","Bayfield County"
24511,5fbf,"BACOM","D","Bayfield County Common","Multi-Talk","Bayfield County"
24512,5fc0,"BATRVL","D","Bayfield County Travel","Multi-Talk","County Travel"
24514,5fc2,"BAEM","D","Bayfield County Emergency Management","Emergency Ops","Bayfield County"
24516,5fc4,"BAHWY1","D","Bayfield Highway 1","Public Works","Bayfield County"
24517,5fc5,"BAHWY2","D","Bayfield Highway 2","Public Works","Bayfield County"
24518,5fc6,"BASSSCHL","D","South Shore School","Transportation","Bayfield County"
24526,5fce,"BAGDEMS","D","Great Divide EMS","EMS-Talk","Bayfield County"
25000,61a8,"IOATG","D","Iowa County Announcement","Law Dispatch","Iowa County"
25001,61a9,"IOLAW1","D","Iowa County Law 1","Law Dispatch","Iowa County"
25002,61aa,"IOLAW2","De","Iowa County Law 2","Law Talk","Iowa County"
25003,61ab,"IOLAW3","De","Iowa County Law 3","Law Talk","Iowa County"
25005,61ad,"IOPAGE","D","Iowa County Paging","Fire Dispatch","Iowa County"
25006,61ae,"IOEMS","D","Iowa County EMS","EMS-Talk","Iowa County"
25007,61af,"IOFIRE1","D","Iowa County Fire/EMS 1","Fire Dispatch","Iowa County"
25008,61b0,"IOFIRE2","D","Iowa County Fire/EMS 2","Fire-Talk","Iowa County"
25009,61b1,"IOEVENT","D","Iowa County Event","Multi-Talk","Iowa County"
25011,61b3,"IOCOM","D","Iowa County Common","Interop","Iowa County"
25012,61b4,"IOTRVL","D","Iowa County Travel","Multi-Talk","County Travel"
25014,61b6,"IOEM","D","Iowa County Emergency Management","Emergency Ops","Iowa County"
25015,61b7,"IOJAIL","D","Iowa County Jail","Corrections","Iowa County"
25510,63a6,"BRSCAN","D","Brown County Scan","Interop","Brown County"
25511,63a7,"BRCOM","D","Brown County Common","Multi-Talk","Brown County"
25512,63a8,"BRTRVL","D","Brown County Travel","Multi-Talk","County Travel"
26001,6591,"IRLAW1","D","Iron County SO","Law Talk","Iron County"
26010,659a,"IRSCAN","D","Iron County Scan","Interop","Iron County"
26011,659b,"IRCOM","D","Iron County Common","Multi-Talk","Iron County"
26012,659c,"IRTRVL","D","Iron County Travel","Multi-Talk","County Travel"
26510,678e,"BUSCAN","D","Buffalo County Scan","Interop","Buffalo County"
26511,678f,"BUCOM","D","Buffalo County Common","Multi-Talk","Buffalo County"
26512,6790,"BUTRVL","D","Buffalo County Travel","Multi-Talk","County Travel"
27010,6982,"JASCAN","D","Jackson County Scan","Interop","Jackson County"
27011,6983,"JACOM","D","Jackson County Common","Multi-Talk","Jackson County"
27012,6984,"JATRVL","D","Jackson County Travel","Multi-Talk","County Travel"
27510,6b76,"BTSCAN","D","Burnett County Scan","Interop","Burnett County"
27511,6b77,"BTCOM","D","Burnett County Common","Multi-Talk","Burnett County"
27512,6b78,"BTTRVL","D","Burnett County Travel","Multi-Talk","County Travel"
28010,6d6a,"JESCAN","D","Jefferson County Scan","Interop","Jefferson County"
28011,6d6b,"JECOM","D","Jefferson County Common","Multi-Talk","Jefferson County"
28012,6d6c,"JETRVL","D","Jefferson County Travel","Multi-Talk","County Travel"
28180,6e14,"JELMEMS","D","Lake Mills EMS","EMS-Talk","Jefferson County"
28510,6f5e,"CASCAN","D","Calumet County Scan","Interop","Calumet County"
28511,6f5f,"CACOM","D","Calumet County Common","Multi-Talk","Calumet County"
28512,6f60,"CATRVL","D","Calumet County Travel","Multi-Talk","County Travel"
29000,7148,"JUATG","D","Juneau County Announcement","Law Dispatch","Juneau County"
29001,7149,"JULAW1","D","Juneau County Law 1 (patch to 154.725)","Law Dispatch","Juneau County"
29002,714a,"JULAW2","D","Juneau County Law 2","Law Talk","Juneau County"
29005,714d,"JUPAGE","D","Juneau County Paging (patch to 154.190)","Fire Dispatch","Juneau County"
29006,714e,"JUEMS","D","Juneau County EMS","EMS-Talk","Juneau County"
29007,714f,"JUFIRE1","D","Juneau County Fire 1","Fire Dispatch","Juneau County"
29008,7150,"JUFIRE2","D","Juneau County Fire 2","Fire-Talk","Juneau County"
29009,7151,"JUEVENT","D","Juneau County Events","Multi-Tac","Juneau County"
29011,7153,"JUCOM","D","Juneau County Common","Interop","Juneau County"
29012,7154,"JUTRVL","D","Juneau County Travel","Multi-Talk","County Travel"
29116,71bc,"JUELDPW","D","Elroy DPW","Public Works","Juneau County"
29136,71d0,"JUMADPW","D","Mauston DPW","Public Works","Juneau County"
29303,7277,"JUCDDPW","D","Camp Douglas DPW","Public Works","Juneau County"
29328,7290,"JUWODPW","D","Wonewoc DPW","Public Works","Juneau County"
29428,72f4,"JUGTDPW","D","Town of Germantown DPW","Public Works","Juneau County"
29510,7346,"CHSCAN","D","Chippewa County Scan","Interop","Chippewa County"
29511,7347,"CHCOM","D","Chippewa County Common","Multi-Talk","Chippewa County"
29512,7348,"CHTRVL","D","Chippewa County Travel","Multi-Talk","County Travel"
29711,740f,"CHCOPD","D","Cornell PD","Law Talk","Chippewa County"
30010,753a,"KESCAN","D","Kenosha County Scan","Interop","Kenosha County"
30011,753b,"KECOM","D","Kenosha County Common","Multi-Talk","Kenosha County"
30012,753c,"KETRVL","D","Kenosha County Travel","Multi-Talk","County Travel"
31001,7919,"KWLAW1","D","Kewaunee County Law 1","Law Dispatch","Kewaunee County"
31002,791a,"KWLAW2","D","Kewaunee County Law 2","Law Talk","Kewaunee County"
31003,791b,"KWLAW3","D","Kewaunee County Law 3","Law Talk","Kewaunee County"
31005,791d,"KWPAGE","D","Kewaunee County Paging","Fire Dispatch","Kewaunee County"
31007,791f,"KWFIRE1","D","Kewaunee County Fire 1","Fire Dispatch","Kewaunee County"
31008,7920,"KWFIRE2","D","Kewaunee County Fire 2","Fire-Talk","Kewaunee County"
31009,7921,"KWEVENT","D","Kewaunee County Event","Multi-Talk","Kewaunee County"
31011,7923,"KWCOM","D","Kewaunee County Common","Multi-Talk","Kewaunee County"
31012,7924,"KWTRVL","D","Kewaunee County Travel","Multi-Talk","County Travel"
31016,7928,"KWHWY","D","Kewaunee County Highway","Public Works","Kewaunee County"
31021,792d,"KWLETAC1","D","Kewaunee Law Tac 1","Law Tac","Kewaunee County"
31022,792e,"KWLETAC2","D","Kewaunee Law Tac 2","Law Tac","Kewaunee County"
31025,7931,"KWFRTAC1","D","Kewaunee Fire Tac 1","Fire-Tac","Kewaunee County"
31026,7932,"KWFRTAC2","D","Kewaunee Fire Tac 2","Fire-Tac","Kewaunee County"
31027,7933,"KWFRTAC3","D","Kewaunee Fire Tac 3","Fire-Tac","Kewaunee County"
31028,7934,"KWFRTAC4","D","Kewaunee Fire Tac 4","Fire-Tac","Kewaunee County"
32010,7d0a,"LCSCAN","D","La Crosse County Scan","Interop","La Crosse County"
32011,7d0b,"LCCOM","D","La Crosse County Common","Multi-Talk","La Crosse County"
32012,7d0c,"LCTRVL","D","LaCrosse County Travel","Multi-Talk","County Travel"
32316,7e3c,"LCWSPD","D","West Salem PD","Law Talk","La Crosse County"
33010,80f2,"LFSCAN","D","Lafayette County Scan","Interop","Lafayette County"
33011,80f3,"LFCOM","D","Lafayette County Common","Multi-Talk","Lafayette County"
33012,80f4,"LFTRVL","D","Lafayette County Travel","Multi-Talk","County Travel"
33107,8153,"LFDAFD","D","Darlington FD","Fire-Talk","Lafayette County"
34001,84d1,"LGLAW1","D","Langlade County Law 1","Law Talk","Langlade County"
34010,84da,"LGSCAN","D","Langlade County Scan","Interop","Langlade County"
34011,84db,"LGCOM","D","Langlade County Common","Multi-Talk","Langlade County"
34012,84dc,"LGTRVL","D","Langlade County Travel","Multi-Talk","County Travel"
34107,853b,"LGANFD","D","Antigo FD","Fire-Talk","Langlade County"
35010,88c2,"LISCAN","D","Lincoln County Scan","Interop","Lincoln County"
35011,88c3,"LICOM","D","Lincoln County Common","Multi-Talk","Lincoln County"
35012,88c4,"LITRVL","D","Lincoln County Travel","Multi-Talk","County Travel"
36010,8caa,"MTSCAN","D","Manitowoc County Scan","Interop","Manitowoc County"
36011,8cab,"MTCOM","D","Manitowoc County Common","Multi-Talk","Manitowoc County"
36012,8cac,"MTTRVL","D","Manitowoc County Travel","Multi-Talk","County Travel"
36098,8d02,"MTTRPD","D","Two Rivers PD","Law Talk","Manitowoc County"
36104,8d08,"MTTWFD","D","Town of Two Rivers FD","Fire-Talk","Manitowoc County"
37010,9092,"MNSCAN","D","Marathon County Scan","Interop","Marathon County"
37011,9093,"MNCOM","D","Marathon County Common","Multi-Talk","Marathon County"
37012,9094,"MNTRVL","D","Marathon County Travel","Multi-Talk","County Travel"
37231,916f,"MNKRPD","D","Kronenwetter PD","Law Talk","Marathon County"
37247,917f,"MNSPFD","D","Spencer FD","Fire-Talk","Marathon County"
37417,9229,"MNRMFD","D","Rib Mountain FD","Fire-Talk","Marathon County"
38010,947a,"MRSCAN","D","Marinette County Scan","Interop","Marinette County"
38011,947b,"MRCOM","D","Marinette County Common","Multi-Talk","Marinette County"
38012,947c,"MRTRVL","D","Marinette County Travel","Multi-Talk","County Travel"
39010,9862,"MASCAN","D","Marquette County Scan","Interop","Marquette County"
39011,9863,"MACOM","D","Marquette County Common","Multi-Talk","Marquette County"
39012,9864,"MATRVL","D","Marquette County Travel","Multi-Talk","County Travel"
40010,9c4a,"MESCAN","D","Menominee County Scan","Interop","Menominee County"
40011,9c4b,"MECOM","D","Menominee County Common","Multi-Talk","Menominee County"
40012,9c4c,"METRVL","D","Menominee County Travel","Multi-Talk","County Travel"
40094,9c9e,"METRAN4","D","Menominee Regional Public Transit 4","Transportation","Menominee County"
41010,a032,"MCSCAN","D","Milwaukee County Scan","Interop","Milwaukee County"
41011,a033,"MCCOM","D","Milwaukee County Common","Multi-Talk","Milwaukee County"
41012,a034,"MCTRVL","D","Milwaukee County Travel","Multi-Talk","County Travel"
41399,a1b7,"MCMWPD","D","Milwaukee PD","Law Talk","Milwaukee County"
41401,a1b9,"MCGFPD1","D","Greenfield Police 1","Law Dispatch","Milwaukee County"
41402,a1ba,"MCGFPD2","D","Greenfield Police 2","Law Talk","Milwaukee County"
41403,a1bb,"MCGFPD3","D","Greenfield Police 3","Law Tac","Milwaukee County"
41404,a1bc,"MCGFPD4","D","Greenfield Police 4","Law Tac","Milwaukee County"
41405,a1bd,"MCGFPAGE","D","Greenfield Paging","Fire Dispatch","Milwaukee County"
41407,a1bf,"MCGFFD1","D","Greenfield Fire 1","Fire Dispatch","Milwaukee County"
41408,a1c0,"MCGFFD2","D","Greenfield Fire 2","Fire-Talk","Milwaukee County"
41409,a1c1,"MCGFFD3","D","Greenfield Fire 3","Fire-Talk","Milwaukee County"
41423,a1cf,"MCGFSCHL","D","Greenfield School District","Schools","Milwaukee County"
41501,a21d,"MCWAPD","D","West Allis PD","Law Talk","Milwaukee County"
41681,a2d1,"MCFRPD","D","Franklin PD","Law Talk","Milwaukee County"
41721,a2f9,"MCGDPD","D","Greendale PD","Law Talk","Milwaukee County"
41741,a30d,"MCHCPD","D","Hales Corners PD","Law Talk","Milwaukee County"
41827,a363,"MCSFFD","D","St Francis FD","Fire-Talk","Milwaukee County"
42001,a411,"MOLAW1","D","Monroe Co SO","Law Talk","Monroe County"
42010,a41a,"MOSCAN","D","Monroe County Scan","Interop","Monroe County"
42011,a41b,"MOCOM","D","Monroe County Common","Multi-Talk","Monroe County"
42012,a41c,"MOTRVL","D","Monroe County Travel","Multi-Talk","County Travel"
42101,a475,"MOSRPD","D","Sparta PD","Law Talk","Monroe County"
42151,a4a7,"MOTOPD","D","Tomah PD","Law Talk","Monroe County"
43010,a802,"OCSCAN","D","Oconto County Scan","Interop","Oconto County"
43011,a803,"OCCOM","D","Oconto County Common","Multi-Talk","Oconto County"
43012,a804,"OCTRVL","D","Oconto County Travel","Multi-Talk","County Travel"
44001,abe1,"ONLAW1","D","Oneida County SO","Law Talk","Oneida County"
44010,abea,"ONSCAN","D","Oneida County Scan","Interop","Oneida County"
44011,abeb,"ONCOM","D","Oneida County Common","Multi-Talk","Oneida County"
44012,abec,"ONTRVL","D","Oneida County Travel","Multi-Talk","County Travel"
44307,ad13,"ONCRFD","D","Crescent FD","Fire-Talk","Oneida County"
44322,ad22,"ONLTFD","D","Lake Tomahawk FD","Fire-Talk","Oneida County"
44327,ad27,"ONLRFD","D","Little Rice FD","Fire-Talk","Oneida County"
44382,ad5e,"ONTLFD","D","Three Lakes FD","Fire-Talk","Oneida County"
45010,afd2,"OUSCAN","D","Outagamie County Scan","Interop","Outagamie County"
45011,afd3,"OUCOM","D","Outagamie County Common","Multi-Talk","Outagamie County"
45012,afd4,"OUTRVL","D","Outagamie County Travel","Multi-Talk","County Travel"
45231,b0af,"OUVHPD","D","Hortonville PD","Law Talk","Outagamie County"
46001,b3b1,"OZLAW1","D","Ozaukee County SO","Law Talk","Ozaukee County"
46010,b3ba,"OZSCAN","D","Ozaukee County Scan","Interop","Ozaukee County"
46011,b3bb,"OZCOM","D","Ozaukee County Common","Multi-Talk","Ozaukee County"
46012,b3bc,"OZTRVL","D","Ozaukee County Travel","Multi-Talk","County Travel"
46101,b415,"OZCEPD","D","Cedarburg PD","Law Talk","Ozaukee County"
46147,b443,"OZPWFD","D","Port Washington FD","Fire-Talk","Ozaukee County"
47010,b7a2,"PESCAN","D","Pepin County Scan","Interop","Pepin County"
47011,b7a3,"PECOM","D","Pepin County Common","Multi-Talk","Pepin County"
47012,b7a4,"PETRVL","D","Pepin County Travel","Multi-Talk","County Travel"
48010,bb8a,"PCSCAN","D","Pierce County Scan","Interop","Pierce County"
48011,bb8b,"PCCOM","D","Pierce County Common","Multi-Talk","Pierce County"
48012,bb8c,"PCTRVL","D","Pierce County Travel","Multi-Talk","County Travel"
48014,bb8e,"GDTRVL","D","Goodhue County MN Travel","Multi-Talk","County Travel"
48309,bcb5,"PCELEMS","D","Ellsworth EMS","EMS-Talk","Pierce County"
49010,bf72,"POSCAN","D","Polk County Scan","Interop","Polk County"
49011,bf73,"POCOM","D","Polk County Common","Multi-Talk","Polk County"
49012,bf74,"POTRVL","D","Polk County Travel","Multi-Talk","County Travel"
50010,c35a,"PTSCAN","D","Portage County Scan","Interop","Portage County"
50011,c35b,"PTCOM","D","Portage County Common","Multi-Talk","Portage County"
50012,c35c,"PTTRVL","D","Portage County Travel","Multi-Talk","County Travel"
50327,c497,"PTPRFD","D","Park Ridge FD","Fire-Talk","Portage County"
51010,c742,"PRSCAN","D","Price County Scan","Interop","Price County"
51011,c743,"PRCOM","D","Price County Common","Multi-Talk","Price County"
51012,c744,"PRTRVL","D","Price County Travel","Multi-Talk","County Travel"
52010,cb2a,"RASCAN","D","Racine County Scan","Interop","Racine County"
52011,cb2b,"RACOM","D","Racine County Common","Multi-Talk","Racine County"
52012,cb2c,"RATRVL","D","Racine County Travel","Multi-Talk","County Travel"
53010,cf12,"RISCAN","D","Richland County Scan","Interop","Richland County"
53011,cf13,"RICOM","D","Richland County Common","Multi-Talk","Richland County"
53012,cf14,"RITRVL","D","Richland County Travel","Multi-Talk","County Travel"
54010,d2fa,"ROSCAN","D","Rock County Scan","Interop","Rock County"
54011,d2fb,"ROCOM","D","Rock County Common","Multi-Talk","Rock County"
54012,d2fc,"ROTRVL","D","Rock County Travel","Multi-Talk","County Travel"
54101,d355,"ROBEPD","D","Beloit PD","Law Talk","Rock County"
54107,d35b,"ROBEFD","D","Beloit FD","Fire-Talk","Rock County"
54157,d38d,"ROJVFD","D","Janesville FD","Fire-Talk","Rock County"
54211,d3c3,"ROEDPD","D","Edgerton PD","Law Talk","Rock County"
54217,d3c9,"ROEDFD","D","Edgerton FD","Fire-Talk","Rock County"
54226,d3d2,"ROEVEMS","D","Evansville EMS","EMS-Talk","Rock County"
54307,d423,"ROCLFD","D","Clinton FD","Fire-Talk","Rock County"
54391,d477,"RORRSP","D","Rock River Safety Patrol","Law Talk","Rock County"
54406,d486,"ROTBPD","D","Town of Beloit PD","Law Talk","Rock County"
54407,d487,"ROTBFD","D","Town of Beloit FD","Fire-Talk","Rock County"
54461,d4bd,"ROTMPD","D","Town of Milton PD","Law Talk","Rock County"
54462,d4be,"ROTMFD","D","Town of Milton FD","Fire-Talk","Rock County"
54482,d4d2,"RORTFD","D","Town of Rock FD","Fire-Talk","Rock County"
55010,d6e2,"RUSCAN","D","Rusk County Scan","Interop","Rusk County"
55011,d6e3,"RUCOM","D","Rusk County Common","Multi-Talk","Rusk County"
55012,d6e4,"RUTRVL","D","Rusk County Travel","Multi-Talk","County Travel"
55501,d8cd,"SWLAW1","D","Law Enforcement 1","Law Dispatch","Sawyer County"
55502,d8ce,"SWLAW2","D","Law Enforcement 2","Law Dispatch","Sawyer County"
55505,d8d1,"SWPAGE","D","Sawyer County Page","Fire Dispatch","Sawyer County"
55506,d8d2,"SWEMS","D","Sawyer County EMS","EMS-Talk","Sawyer County"
55507,d8d3,"SWFIRE1","D","Sawyer County Fire 1","Fire Dispatch","Sawyer County"
55508,d8d4,"SWFIRE2","D","Sawyer County Fire 2","Fire-Talk","Sawyer County"
55509,d8d5,"SWEVENT","D","Sawyer County Events","Multi-Talk","Sawyer County"
55511,d8d7,"SWCOM","D","Sawyer County Common","Multi-Talk","Sawyer County"
55512,d8d8,"SWTRVL","D","Sawyer County Travel","Multi-Talk","County Travel"
55514,d8da,"SWEM","D","Sawyer County Emergency Management","Multi-Talk","Sawyer County"
55516,d8dc,"SWHWY","D","Sawyer County Highway Department","Public Works","Sawyer County"
55518,d8de,"SWTRANS","D","Sawyer County Transit","Transportation","Sawyer County"
56010,daca,"SCSCAN","D","St Croix County Scan","Interop","St. Croix County"
56011,dacb,"SCCOM","D","St Croix County Common","Multi-Talk","St. Croix County"
56012,dacc,"SCTRVL","D","St. Croix County Travel","Multi-Talk","County Travel"
56206,db8e,"SCBAEMS","D","Baldwin EMS","EMS-Talk","St. Croix County"
56510,dcbe,"WBSCAN","D","Washburn County Scan","Interop","Washburn County"
56511,dcbf,"WBCOM","D","Washburn County Common","Multi-Talk","Washburn County"
56512,dcc0,"WBTRVL","D","Washburn County Travel","Multi-Talk","County Travel"
57010,deb2,"SASCAN","D","Sauk County Scan","Interop","Sauk County"
57011,deb3,"SACOM","D","Sauk County Common","Multi-Talk","Sauk County"
57012,deb4,"SATRVL","D","Sauk County Travel","Multi-Talk","County Travel"
57106,df12,"SABAEMS","D","Baraboo District Ambulance Service","EMS-Talk","Sauk County"
57107,df13,"SABAFD","D","Baraboo Fire","Fire-Talk","Sauk County"
57110,df16,"SADDEMS","D","Dells-Delton EMS","EMS-Talk","Sauk County"
57111,df17,"SALDFD","D","Delton Fire","Fire-Talk","Sauk County"
57251,dfa3,"SASGLG","D","Spring Green PD/FD","Multi-Talk","Sauk County"
57774,e1ae,"LIFESTAR","D","Lifestar EMS","EMS Dispatch","Washington County"
57910,e236,"WASCAN","D","Washington County Scan","Interop","Washington County"
57911,e237,"WACOM","D","Washington County Common","Multi-Talk","Washington County"
57912,e238,"WATRVL","D","Washington County Travel","Multi-Talk","County Travel"
58010,e29a,"WKSCAN","D","Waukesha County Scan","Interop","Waukesha County"
58011,e29b,"WKCOM","D","Waukesha County Common","Multi-Talk","Waukesha County"
58012,e29c,"WKTRVL","D","Waukesha County Travel","Multi-Talk","County Travel"
58381,e40d,"WKEAPD","D","Eagle PD","Law Talk","Waukesha County"
58387,e413,"WKEAFD","D","Eagle FD","Fire-Talk","Waukesha County"
58527,e49f,"WKMKFD","D","Mukwonago FD","Fire-Talk","Waukesha County"
58867,e5f3,"WKVEFD","D","Vernon FD","Fire-Talk","Waukesha County"
58901,e615,"OALAWCALL","D","OALAWCALL via ISSI","Interop","WiPSN ISSI"
58902,e616,"OACHASE","D","OACHASE via ISSI","Interop","WiPSN ISSI"
58903,e617,"WKLEDISP4","D","WKLEDISP4 via ISSI","Law Dispatch","Waukesha County"
58904,e618,"WKLEOPS4","D","WKLEOPS4 via ISSI","Law Tac","Waukesha County"
58905,e619,"MCSODISP1","D","MCSODISP1 via ISSI","Law Dispatch","Milwaukee County"
58906,e61a,"OAGTAC1","D","OAGTAC1 via ISSI","Multi-Tac","WiPSN ISSI"
58907,e61b,"OAGTAC2","D","OAGTAC2 via ISSI","Multi-Tac","WiPSN ISSI"
58908,e61c,"OAGTAC3","D","OAGTAC3 via ISSI","Multi-Tac","WiPSN ISSI"
58909,e61d,"OAGTAC4","D","OAGTAC4 via ISSI","Multi-Tac","WiPSN ISSI"
58910,e61e,"OAGTAC5","D","OAGTAC5 via ISSI","Multi-Tac","WiPSN ISSI"
58911,e61f,"OAGTAC6","D","OAGTAC6 via ISSI","Multi-Tac","WiPSN ISSI"
58912,e620,"OAGTAC7","D","OAGTAC7 via ISSI","Multi-Tac","WiPSN ISSI"
58913,e621,"OAGTAC8","D","OAGTAC8 via ISSI","Multi-Tac","WiPSN ISSI"
58914,e622,"OAGTAC9","D","OAGTAC9 via ISSI","Multi-Tac","WiPSN ISSI"
58915,e623,"OAGTAC10","D","OAGTAC10 via ISSI","Multi-Tac","WiPSN ISSI"
58916,e624,"OAGTAC11","D","OAGTAC11 via ISSI","Multi-Tac","WiPSN ISSI"
58917,e625,"OAGTAC12","D","OAGTAC12 via ISSI","Multi-Tac","WiPSN ISSI"
58919,e627,"WKLAW1","D","WKLAW1 via ISSI","Law Tac","Waukesha County"
58920,e628,"WKLAW2","D","WKLAW2 via ISSI","Law Tac","Waukesha County"
58921,e629,"WKLAW3","D","WKLAW3 via ISSI","Law Tac","Waukesha County"
58922,e62a,"WKLAW4","D","WKLAW4 via ISSI","Law Tac","Waukesha County"
58925,e62d,"OAMCLAW1","D","MCLAW1 via ISSI","Law Tac","Milwaukee County"
58926,e62e,"OAMCLAW2","D","MCLAW2 via ISSI","Law Tac","Milwaukee County"
58927,e62f,"OAMCLAW3","D","MCLAW3 via ISSI","Law Tac","Milwaukee County"
58928,e630,"OAMCLAW4","D","MCLAW4 via ISSI","Law Tac","Milwaukee County"
59010,e682,"SHSCAN","D","Shawano County Scan","Interop","Shawano County"
59011,e683,"SHCOM","D","Shawano County Common","Multi-Talk","Shawano County"
59012,e684,"SHTRVL","D","Shawano County Travel","Multi-Talk","County Travel"
59106,e6e2,"SHSHEMS","D","Shawano Ambulance Service","EMS-Talk","Shawano County"
59510,e876,"WPSCAN","D","Waupaca County Scan","Interop","Waupaca County"
59511,e877,"WPCOM","D","Waupaca County Common","Multi-Talk","Waupaca County"
59512,e878,"WPTRVL","D","Waupaca County Travel","Multi-Talk","County Travel"
60010,ea6a,"SBSCAN","D","Sheboygan County Scan","Interop","Sheboygan County"
60011,ea6b,"SBCOM","D","Sheboygan County Common","Multi-Talk","Sheboygan County"
60012,ea6c,"SBTRVL","D","Sheboygan County Travel","Multi-Talk","County Travel"
60510,ec5e,"WSSCAN","D","Waushara County Scan","Interop","Waushara County"
60511,ec5f,"WSCOM","D","Waushara County Common","Multi-Talk","Waushara County"
60512,ec60,"WSTRVL","D","Waushara County Travel","Multi-Talk","County Travel"
61001,ee49,"TALAW1","D","Taylor County Law 1","Law Dispatch","Taylor County"
61002,ee4a,"TALAW2","D","Taylor County Law 2","Law Talk","Taylor County"
61007,ee4f,"TAFIRE1","D","Taylor County Fire 1","Fire Dispatch","Taylor County"
61009,ee51,"TAEVENT","D","Taylor County Event","Multi-Talk","Taylor County"
61011,ee53,"TACOM","D","Taylor County Common","Multi-Talk","Taylor County"
61012,ee54,"TATRVL","D","Taylor County Travel","Multi-Talk","County Travel"
61501,f03d,"WILAW1","D","Winnebago County Law Dispatch","Law Dispatch","Winnebago County"
61510,f046,"WISCAN","D","Winnebago County Scan","Interop","Winnebago County"
61511,f047,"WICOM","D","Winnebago County Common","Multi-Talk","Winnebago County"
61512,f048,"WITRVL","D","Winnebago County Travel","Multi-Talk","County Travel"
62007,f237,"TRFIR1","D","Trempealeau County Fire 1","Fire Dispatch","Trempealeau County"
62008,f238,"TRFIR2","D","Trempealeau County Fire 2","Fire-Talk","Trempealeau County"
62010,f23a,"TRSCAN ","D","Tremplealeau County Scan","Interop","Trempealeau County"
62011,f23b,"TRCOM","D","Tremplealeau County Common","Multi-Talk","Trempealeau County"
62012,f23c,"TRTRVL","D","Trempealeau County Travel","Multi-Talk","County Travel"
62510,f42e,"WOSCAN","D","Wood County Scan","Interop","Wood County"
62511,f42f,"WOCOM","D","Wood County Common","Multi-Talk","Wood County"
62512,f430,"WOTRVL","D","Wood County Travel","Multi-Talk","County Travel"
62601,f489,"WOMDPD","D","Marshfield PD","Law Talk","Wood County"
62607,f48f,"WOMDFD","D","Marshfield FD","Fire-Talk","Wood County"
62717,f4fd,"WOPIFD","D","Pittsville FD","Fire-Talk","Wood County"
62827,f56b,"WOPEFD","D","Port Edwards FD","Fire-Talk","Wood County"
62852,f584,"WOCAFD","D","Cameron FD","Fire-Talk","Wood County"
62917,f5c5,"WOROFD","D","Town of Rock FD","Fire-Talk","Wood County"
63010,f622,"VESCAN","D","Vernon County Scan","Interop","Vernon County"
63011,f623,"VECOM","D","Vernon County Common","Multi-Talk","Vernon County"
63012,f624,"VETRVL","D","Vernon County Travel","Multi-Talk","County Travel"
64001,fa01,"VISO1","D","Vilas County Law","Law Talk","Vilas County"
64010,fa0a,"VISCAN","D","Vilas County Scan","Interop","Vilas County"
64011,fa0b,"VICOM","D","Vilas County Common","Multi-Talk","Vilas County"
64012,fa0c,"VITRVL","D","Vilas County Travel","Multi-Talk","County Travel"
65001,fde9,"WWLAW","D","Walworth County Law","Law Talk","Walworth County"
65010,fdf2,"WWSCAN","D","Walworth County Scan","Interop","Walworth County"
65011,fdf3,"WWCOM","D","Walworth County Common","Multi-Talk","Walworth County"
65012,fdf4,"WWTRVL","D","Walworth County Travel","Multi-Talk","County Travel"
65127,fe67,"WWELFD","D","Elkhorn FD","Fire-Talk","Walworth County"
65167,fe8f,"WWWWFD","D","Whitewater FD","Fire-Talk","Walworth County"
65221,fec5,"WWFOPD","D","Fontana PD","Law Talk","Walworth County"
65247,fedf,"WWSHFD","D","Sharon FD","Fire-Talk","Walworth County"
65367,ff57,"WWLAFD","D","Lauderdale LaGrange FD","Fire-Talk","Walworth County"
